{"/":{"":{"ill_source_language_publish_name":"English","illustration_source_language":"en"},"__PV_SystemProperties":{"Child Count":"179","Component Name":"Illustration","Display Name":"Illustration","Model Extents (mm)":"155.249","OL File Name":"","Part Depth":"1","Part ID Path":"/","Part Name":"Illustration","Part Path":"Illustration"}},"/0":{"":{"Adapter_name":"step2pv","Adapter_platform":"x86e_win64","Adapter_version":"19.0.0.0-O5U3hr","Pro/E Layer Compatibility":"1","Source_file_name":"LEGO Speed Champions - 1974 Porsche 911 Turbo 3.0 (75895).stp"},"__PV_SystemProperties":{"Child Count":"178","Component Name":"LEGO Speed Champions - 1974 Porsche 911 Turbo 3.0 (75895)","Display Name":"LEGO Speed Champions - 1974 Porsche 911 Turbo 3.0 (75895)","Model Extents (mm)":"155.249","OL File Name":"","Part Depth":"2","Part ID":"0","Part ID Path":"/0","Part Name":"LEGO Speed Champions - 1974 Porsche 911 Turbo 3.0 (75895)","Part Path":"Illustration/LEGO Speed Champions - 1974 Porsche 911 Turbo 3.0 (75895)"}},"/0/0":{"":{"Pro/E Layer Compatibility":"1"},"__PV_SystemProperties":{"Child Count":"177","Component Name":"ASSY02.ASM","Display Name":"ASSY02.ASM","Model Extents (mm)":"155.249","OL File Name":"","Part Depth":"3","Part ID":"0","Part ID Path":"/0/0","Part Name":"ASSY02.ASM","Part Path":"Illustration/LEGO Speed Champions - 1974 Porsche 911 Turbo 3.0 (75895)/ASSY02.ASM"}},"/0/0/0":{"":{"Pro/E Layer Compatibility":"1"},"__PV_SystemProperties":{"Child Count":"0","Component Name":"3021-YELLOW.PRT","Display Name":"3021-YELLOW.PRT","Model Extents (mm)":"24","OL File Name":"l-Creo 3D_0_LEGO Speed Champions - 1974 Porsche 911 Turbo 3.0 (75895).ol","Part Depth":"4","Part ID":"0","Part ID Path":"/0/0/0","Part Name":"3021-YELLOW.PRT","Part Path":"Illustration/LEGO Speed Champions - 1974 Porsche 911 Turbo 3.0 (75895)/ASSY02.ASM/3021-YELLOW.PRT"}},"/0/0/1":{"":{"Pro/E Layer Compatibility":"1"},"__PV_SystemProperties":{"Child Count":"0","Component Name":"30414-BLACK.PRT","Display Name":"30414-BLACK.PRT","Model Extents (mm)":"32","OL File Name":"l-Creo 3D_0_LEGO Speed Champions - 1974 Porsche 911 Turbo 3.0 (75895)_2.ol","Part Depth":"4","Part ID":"1","Part ID Path":"/0/0/1","Part Name":"30414-BLACK.PRT","Part Path":"Illustration/LEGO Speed Champions - 1974 Porsche 911 Turbo 3.0 (75895)/ASSY02.ASM/30414-BLACK.PRT"}},"/0/0/10":{"":{"Pro/E Layer Compatibility":"1"},"__PV_SystemProperties":{"Child Count":"0","Component Name":"76766-LTBLUISHGRAY.PRT","Display Name":"76766-LTBLUISHGRAY.PRT","Model Extents (mm)":"40","OL File Name":"l-Creo 3D_0_LEGO Speed Champions - 1974 Porsche 911 Turbo 3.0 (75895)_7.ol","Part Depth":"4","Part ID":"10","Part ID Path":"/0/0/10","Part Name":"76766-LTBLUISHGRAY.PRT","Part Path":"Illustration/LEGO Speed Champions - 1974 Porsche 911 Turbo 3.0 (75895)/ASSY02.ASM/76766-LTBLUISHGRAY.PRT"}},"/0/0/100":{"":{"Pro/E Layer Compatibility":"1"},"__PV_SystemProperties":{"Child Count":"0","Component Name":"50950-WHITE.PRT","Display Name":"50950-WHITE.PRT","Model Extents (mm)":"24","OL File Name":"l-Creo 3D_0_LEGO Speed Champions - 1974 Porsche 911 Turbo 3.0 (75895)_44.ol","Part Depth":"4","Part ID":"100","Part ID Path":"/0/0/100","Part Name":"50950-WHITE.PRT","Part Path":"Illustration/LEGO Speed Champions - 1974 Porsche 911 Turbo 3.0 (75895)/ASSY02.ASM/50950-WHITE.PRT"}},"/0/0/101":{"":{"Pro/E Layer Compatibility":"1"},"__PV_SystemProperties":{"Child Count":"0","Component Name":"50950-WHITE.PRT","Display Name":"50950-WHITE.PRT","Model Extents (mm)":"24","OL File Name":"l-Creo 3D_0_LEGO Speed Champions - 1974 Porsche 911 Turbo 3.0 (75895)_44.ol","Part Depth":"4","Part ID":"101","Part ID Path":"/0/0/101","Part Name":"50950-WHITE.PRT","Part Path":"Illustration/LEGO Speed Champions - 1974 Porsche 911 Turbo 3.0 (75895)/ASSY02.ASM/50950-WHITE.PRT"}},"/0/0/102":{"":{"Pro/E Layer Compatibility":"1"},"__PV_SystemProperties":{"Child Count":"0","Component Name":"3024-WHITE.PRT","Display Name":"3024-WHITE.PRT","Model Extents (mm)":"8","OL File Name":"l-Creo 3D_0_LEGO Speed Champions - 1974 Porsche 911 Turbo 3.0 (75895)_48.ol","Part Depth":"4","Part ID":"102","Part ID Path":"/0/0/102","Part Name":"3024-WHITE.PRT","Part Path":"Illustration/LEGO Speed Champions - 1974 Porsche 911 Turbo 3.0 (75895)/ASSY02.ASM/3024-WHITE.PRT"}},"/0/0/103":{"":{"Pro/E Layer Compatibility":"1"},"__PV_SystemProperties":{"Child Count":"0","Component Name":"3024-WHITE.PRT","Display Name":"3024-WHITE.PRT","Model Extents (mm)":"8","OL File Name":"l-Creo 3D_0_LEGO Speed Champions - 1974 Porsche 911 Turbo 3.0 (75895)_48.ol","Part Depth":"4","Part ID":"103","Part ID Path":"/0/0/103","Part Name":"3024-WHITE.PRT","Part Path":"Illustration/LEGO Speed Champions - 1974 Porsche 911 Turbo 3.0 (75895)/ASSY02.ASM/3024-WHITE.PRT"}},"/0/0/104":{"":{"Pro/E Layer Compatibility":"1"},"__PV_SystemProperties":{"Child Count":"0","Component Name":"25269-WHITE.PRT","Display Name":"25269-WHITE.PRT","Model Extents (mm)":"7.99937","OL File Name":"l-Creo 3D_0_LEGO Speed Champions - 1974 Porsche 911 Turbo 3.0 (75895)_49.ol","Part Depth":"4","Part ID":"104","Part ID Path":"/0/0/104","Part Name":"25269-WHITE.PRT","Part Path":"Illustration/LEGO Speed Champions - 1974 Porsche 911 Turbo 3.0 (75895)/ASSY02.ASM/25269-WHITE.PRT"}},"/0/0/105":{"":{"Pro/E Layer Compatibility":"1"},"__PV_SystemProperties":{"Child Count":"0","Component Name":"25269-WHITE.PRT","Display Name":"25269-WHITE.PRT","Model Extents (mm)":"7.99937","OL File Name":"l-Creo 3D_0_LEGO Speed Champions - 1974 Porsche 911 Turbo 3.0 (75895)_49.ol","Part Depth":"4","Part ID":"105","Part ID Path":"/0/0/105","Part Name":"25269-WHITE.PRT","Part Path":"Illustration/LEGO Speed Champions - 1974 Porsche 911 Turbo 3.0 (75895)/ASSY02.ASM/25269-WHITE.PRT"}},"/0/0/106":{"":{"Pro/E Layer Compatibility":"1"},"__PV_SystemProperties":{"Child Count":"0","Component Name":"54200-WHITE.PRT","Display Name":"54200-WHITE.PRT","Model Extents (mm)":"8","OL File Name":"l-Creo 3D_0_LEGO Speed Champions - 1974 Porsche 911 Turbo 3.0 (75895)_34.ol","Part Depth":"4","Part ID":"106","Part ID Path":"/0/0/106","Part Name":"54200-WHITE.PRT","Part Path":"Illustration/LEGO Speed Champions - 1974 Porsche 911 Turbo 3.0 (75895)/ASSY02.ASM/54200-WHITE.PRT"}},"/0/0/107":{"":{"Pro/E Layer Compatibility":"1"},"__PV_SystemProperties":{"Child Count":"0","Component Name":"54200-WHITE.PRT","Display Name":"54200-WHITE.PRT","Model Extents (mm)":"8","OL File Name":"l-Creo 3D_0_LEGO Speed Champions - 1974 Porsche 911 Turbo 3.0 (75895)_34.ol","Part Depth":"4","Part ID":"107","Part ID Path":"/0/0/107","Part Name":"54200-WHITE.PRT","Part Path":"Illustration/LEGO Speed Champions - 1974 Porsche 911 Turbo 3.0 (75895)/ASSY02.ASM/54200-WHITE.PRT"}},"/0/0/108":{"":{"Pro/E Layer Compatibility":"1"},"__PV_SystemProperties":{"Child Count":"0","Component Name":"63864-WHITE.PRT","Display Name":"63864-WHITE.PRT","Model Extents (mm)":"24","OL File Name":"l-Creo 3D_0_LEGO Speed Champions - 1974 Porsche 911 Turbo 3.0 (75895)_50.ol","Part Depth":"4","Part ID":"108","Part ID Path":"/0/0/108","Part Name":"63864-WHITE.PRT","Part Path":"Illustration/LEGO Speed Champions - 1974 Porsche 911 Turbo 3.0 (75895)/ASSY02.ASM/63864-WHITE.PRT"}},"/0/0/109":{"":{"Pro/E Layer Compatibility":"1"},"__PV_SystemProperties":{"Child Count":"0","Component Name":"63864-WHITE.PRT","Display Name":"63864-WHITE.PRT","Model Extents (mm)":"24","OL File Name":"l-Creo 3D_0_LEGO Speed Champions - 1974 Porsche 911 Turbo 3.0 (75895)_50.ol","Part Depth":"4","Part ID":"109","Part ID Path":"/0/0/109","Part Name":"63864-WHITE.PRT","Part Path":"Illustration/LEGO Speed Champions - 1974 Porsche 911 Turbo 3.0 (75895)/ASSY02.ASM/63864-WHITE.PRT"}},"/0/0/11":{"":{"Pro/E Layer Compatibility":"1"},"__PV_SystemProperties":{"Child Count":"0","Component Name":"3023-TAN.PRT","Display Name":"3023-TAN.PRT","Model Extents (mm)":"16","OL File Name":"l-Creo 3D_0_LEGO Speed Champions - 1974 Porsche 911 Turbo 3.0 (75895)_8.ol","Part Depth":"4","Part ID":"11","Part ID Path":"/0/0/11","Part Name":"3023-TAN.PRT","Part Path":"Illustration/LEGO Speed Champions - 1974 Porsche 911 Turbo 3.0 (75895)/ASSY02.ASM/3023-TAN.PRT"}},"/0/0/110":{"":{"Pro/E Layer Compatibility":"1"},"__PV_SystemProperties":{"Child Count":"0","Component Name":"42003-WHITE.PRT","Display Name":"42003-WHITE.PRT","Model Extents (mm)":"23.2","OL File Name":"l-Creo 3D_0_LEGO Speed Champions - 1974 Porsche 911 Turbo 3.0 (75895)_51.ol","Part Depth":"4","Part ID":"110","Part ID Path":"/0/0/110","Part Name":"42003-WHITE.PRT","Part Path":"Illustration/LEGO Speed Champions - 1974 Porsche 911 Turbo 3.0 (75895)/ASSY02.ASM/42003-WHITE.PRT"}},"/0/0/111":{"":{"Pro/E Layer Compatibility":"1"},"__PV_SystemProperties":{"Child Count":"0","Component Name":"4274-LTBLUISHGRAY.PRT","Display Name":"4274-LTBLUISHGRAY.PRT","Model Extents (mm)":"9.6","OL File Name":"l-Creo 3D_0_LEGO Speed Champions - 1974 Porsche 911 Turbo 3.0 (75895)_52.ol","Part Depth":"4","Part ID":"111","Part ID Path":"/0/0/111","Part Name":"4274-LTBLUISHGRAY.PRT","Part Path":"Illustration/LEGO Speed Champions - 1974 Porsche 911 Turbo 3.0 (75895)/ASSY02.ASM/4274-LTBLUISHGRAY.PRT"}},"/0/0/112":{"":{"Pro/E Layer Compatibility":"1"},"__PV_SystemProperties":{"Child Count":"0","Component Name":"98138-TRANSCLEAR.PRT","Display Name":"98138-TRANSCLEAR.PRT","Model Extents (mm)":"8.66498","OL File Name":"l-Creo 3D_0_LEGO Speed Champions - 1974 Porsche 911 Turbo 3.0 (75895)_53.ol","Part Depth":"4","Part ID":"112","Part ID Path":"/0/0/112","Part Name":"98138-TRANSCLEAR.PRT","Part Path":"Illustration/LEGO Speed Champions - 1974 Porsche 911 Turbo 3.0 (75895)/ASSY02.ASM/98138-TRANSCLEAR.PRT"}},"/0/0/113":{"":{"Pro/E Layer Compatibility":"1"},"__PV_SystemProperties":{"Child Count":"0","Component Name":"11214-DKBLUISHGRAY.PRT","Display Name":"11214-DKBLUISHGRAY.PRT","Model Extents (mm)":"24","OL File Name":"l-Creo 3D_0_LEGO Speed Champions - 1974 Porsche 911 Turbo 3.0 (75895)_54.ol","Part Depth":"4","Part ID":"113","Part ID Path":"/0/0/113","Part Name":"11214-DKBLUISHGRAY.PRT","Part Path":"Illustration/LEGO Speed Champions - 1974 Porsche 911 Turbo 3.0 (75895)/ASSY02.ASM/11214-DKBLUISHGRAY.PRT"}},"/0/0/114":{"":{"Pro/E Layer Compatibility":"1"},"__PV_SystemProperties":{"Child Count":"0","Component Name":"42003-WHITE.PRT","Display Name":"42003-WHITE.PRT","Model Extents (mm)":"23.2","OL File Name":"l-Creo 3D_0_LEGO Speed Champions - 1974 Porsche 911 Turbo 3.0 (75895)_51.ol","Part Depth":"4","Part ID":"114","Part ID Path":"/0/0/114","Part Name":"42003-WHITE.PRT","Part Path":"Illustration/LEGO Speed Champions - 1974 Porsche 911 Turbo 3.0 (75895)/ASSY02.ASM/42003-WHITE.PRT"}},"/0/0/115":{"":{"Pro/E Layer Compatibility":"1"},"__PV_SystemProperties":{"Child Count":"0","Component Name":"4274-LTBLUISHGRAY.PRT","Display Name":"4274-LTBLUISHGRAY.PRT","Model Extents (mm)":"9.6","OL File Name":"l-Creo 3D_0_LEGO Speed Champions - 1974 Porsche 911 Turbo 3.0 (75895)_52.ol","Part Depth":"4","Part ID":"115","Part ID Path":"/0/0/115","Part Name":"4274-LTBLUISHGRAY.PRT","Part Path":"Illustration/LEGO Speed Champions - 1974 Porsche 911 Turbo 3.0 (75895)/ASSY02.ASM/4274-LTBLUISHGRAY.PRT"}},"/0/0/116":{"":{"Pro/E Layer Compatibility":"1"},"__PV_SystemProperties":{"Child Count":"0","Component Name":"98138-TRANSCLEAR.PRT","Display Name":"98138-TRANSCLEAR.PRT","Model Extents (mm)":"8.66498","OL File Name":"l-Creo 3D_0_LEGO Speed Champions - 1974 Porsche 911 Turbo 3.0 (75895)_53.ol","Part Depth":"4","Part ID":"116","Part ID Path":"/0/0/116","Part Name":"98138-TRANSCLEAR.PRT","Part Path":"Illustration/LEGO Speed Champions - 1974 Porsche 911 Turbo 3.0 (75895)/ASSY02.ASM/98138-TRANSCLEAR.PRT"}},"/0/0/117":{"":{"Pro/E Layer Compatibility":"1"},"__PV_SystemProperties":{"Child Count":"0","Component Name":"11214-DKBLUISHGRAY.PRT","Display Name":"11214-DKBLUISHGRAY.PRT","Model Extents (mm)":"24","OL File Name":"l-Creo 3D_0_LEGO Speed Champions - 1974 Porsche 911 Turbo 3.0 (75895)_54.ol","Part Depth":"4","Part ID":"117","Part ID Path":"/0/0/117","Part Name":"11214-DKBLUISHGRAY.PRT","Part Path":"Illustration/LEGO Speed Champions - 1974 Porsche 911 Turbo 3.0 (75895)/ASSY02.ASM/11214-DKBLUISHGRAY.PRT"}},"/0/0/118":{"":{"Pro/E Layer Compatibility":"1"},"__PV_SystemProperties":{"Child Count":"0","Component Name":"32124-REDDISHBROWN.PRT","Display Name":"32124-REDDISHBROWN.PRT","Model Extents (mm)":"40","OL File Name":"l-Creo 3D_0_LEGO Speed Champions - 1974 Porsche 911 Turbo 3.0 (75895)_21.ol","Part Depth":"4","Part ID":"118","Part ID Path":"/0/0/118","Part Name":"32124-REDDISHBROWN.PRT","Part Path":"Illustration/LEGO Speed Champions - 1974 Porsche 911 Turbo 3.0 (75895)/ASSY02.ASM/32124-REDDISHBROWN.PRT"}},"/0/0/119":{"":{"Pro/E Layer Compatibility":"1"},"__PV_SystemProperties":{"Child Count":"0","Component Name":"15068-WHITE.PRT","Display Name":"15068-WHITE.PRT","Model Extents (mm)":"16","OL File Name":"l-Creo 3D_0_LEGO Speed Champions - 1974 Porsche 911 Turbo 3.0 (75895)_55.ol","Part Depth":"4","Part ID":"119","Part ID Path":"/0/0/119","Part Name":"15068-WHITE.PRT","Part Path":"Illustration/LEGO Speed Champions - 1974 Porsche 911 Turbo 3.0 (75895)/ASSY02.ASM/15068-WHITE.PRT"}},"/0/0/12":{"":{"Pro/E Layer Compatibility":"1"},"__PV_SystemProperties":{"Child Count":"0","Component Name":"18974-WHITE.PRT","Display Name":"18974-WHITE.PRT","Model Extents (mm)":"32","OL File Name":"l-Creo 3D_0_LEGO Speed Champions - 1974 Porsche 911 Turbo 3.0 (75895)_9.ol","Part Depth":"4","Part ID":"12","Part ID Path":"/0/0/12","Part Name":"18974-WHITE.PRT","Part Path":"Illustration/LEGO Speed Champions - 1974 Porsche 911 Turbo 3.0 (75895)/ASSY02.ASM/18974-WHITE.PRT"}},"/0/0/120":{"":{"Pro/E Layer Compatibility":"1"},"__PV_SystemProperties":{"Child Count":"0","Component Name":"15068-WHITE.PRT","Display Name":"15068-WHITE.PRT","Model Extents (mm)":"16","OL File Name":"l-Creo 3D_0_LEGO Speed Champions - 1974 Porsche 911 Turbo 3.0 (75895)_55.ol","Part Depth":"4","Part ID":"120","Part ID Path":"/0/0/120","Part Name":"15068-WHITE.PRT","Part Path":"Illustration/LEGO Speed Champions - 1974 Porsche 911 Turbo 3.0 (75895)/ASSY02.ASM/15068-WHITE.PRT"}},"/0/0/121":{"":{"Pro/E Layer Compatibility":"1"},"__PV_SystemProperties":{"Child Count":"0","Component Name":"11477-WHITE.PRT","Display Name":"11477-WHITE.PRT","Model Extents (mm)":"16","OL File Name":"l-Creo 3D_0_LEGO Speed Champions - 1974 Porsche 911 Turbo 3.0 (75895)_35.ol","Part Depth":"4","Part ID":"121","Part ID Path":"/0/0/121","Part Name":"11477-WHITE.PRT","Part Path":"Illustration/LEGO Speed Champions - 1974 Porsche 911 Turbo 3.0 (75895)/ASSY02.ASM/11477-WHITE.PRT"}},"/0/0/122":{"":{"Pro/E Layer Compatibility":"1"},"__PV_SystemProperties":{"Child Count":"0","Component Name":"32124-REDDISHBROWN.PRT","Display Name":"32124-REDDISHBROWN.PRT","Model Extents (mm)":"40","OL File Name":"l-Creo 3D_0_LEGO Speed Champions - 1974 Porsche 911 Turbo 3.0 (75895)_21.ol","Part Depth":"4","Part ID":"122","Part ID Path":"/0/0/122","Part Name":"32124-REDDISHBROWN.PRT","Part Path":"Illustration/LEGO Speed Champions - 1974 Porsche 911 Turbo 3.0 (75895)/ASSY02.ASM/32124-REDDISHBROWN.PRT"}},"/0/0/123":{"":{"Pro/E Layer Compatibility":"1"},"__PV_SystemProperties":{"Child Count":"0","Component Name":"15068-WHITE.PRT","Display Name":"15068-WHITE.PRT","Model Extents (mm)":"16","OL File Name":"l-Creo 3D_0_LEGO Speed Champions - 1974 Porsche 911 Turbo 3.0 (75895)_55.ol","Part Depth":"4","Part ID":"123","Part ID Path":"/0/0/123","Part Name":"15068-WHITE.PRT","Part Path":"Illustration/LEGO Speed Champions - 1974 Porsche 911 Turbo 3.0 (75895)/ASSY02.ASM/15068-WHITE.PRT"}},"/0/0/124":{"":{"Pro/E Layer Compatibility":"1"},"__PV_SystemProperties":{"Child Count":"0","Component Name":"15068-WHITE.PRT","Display Name":"15068-WHITE.PRT","Model Extents (mm)":"16","OL File Name":"l-Creo 3D_0_LEGO Speed Champions - 1974 Porsche 911 Turbo 3.0 (75895)_55.ol","Part Depth":"4","Part ID":"124","Part ID Path":"/0/0/124","Part Name":"15068-WHITE.PRT","Part Path":"Illustration/LEGO Speed Champions - 1974 Porsche 911 Turbo 3.0 (75895)/ASSY02.ASM/15068-WHITE.PRT"}},"/0/0/125":{"":{"Pro/E Layer Compatibility":"1"},"__PV_SystemProperties":{"Child Count":"0","Component Name":"11477-WHITE.PRT","Display Name":"11477-WHITE.PRT","Model Extents (mm)":"16","OL File Name":"l-Creo 3D_0_LEGO Speed Champions - 1974 Porsche 911 Turbo 3.0 (75895)_35.ol","Part Depth":"4","Part ID":"125","Part ID Path":"/0/0/125","Part Name":"11477-WHITE.PRT","Part Path":"Illustration/LEGO Speed Champions - 1974 Porsche 911 Turbo 3.0 (75895)/ASSY02.ASM/11477-WHITE.PRT"}},"/0/0/126":{"":{"Pro/E Layer Compatibility":"1"},"__PV_SystemProperties":{"Child Count":"0","Component Name":"3710-BLACK.PRT","Display Name":"3710-BLACK.PRT","Model Extents (mm)":"32","OL File Name":"l-Creo 3D_0_LEGO Speed Champions - 1974 Porsche 911 Turbo 3.0 (75895)_24.ol","Part Depth":"4","Part ID":"126","Part ID Path":"/0/0/126","Part Name":"3710-BLACK.PRT","Part Path":"Illustration/LEGO Speed Champions - 1974 Porsche 911 Turbo 3.0 (75895)/ASSY02.ASM/3710-BLACK.PRT"}},"/0/0/127":{"":{"Pro/E Layer Compatibility":"1"},"__PV_SystemProperties":{"Child Count":"0","Component Name":"54200-TRANSBLACK.PRT","Display Name":"54200-TRANSBLACK.PRT","Model Extents (mm)":"8","OL File Name":"l-Creo 3D_0_LEGO Speed Champions - 1974 Porsche 911 Turbo 3.0 (75895)_56.ol","Part Depth":"4","Part ID":"127","Part ID Path":"/0/0/127","Part Name":"54200-TRANSBLACK.PRT","Part Path":"Illustration/LEGO Speed Champions - 1974 Porsche 911 Turbo 3.0 (75895)/ASSY02.ASM/54200-TRANSBLACK.PRT"}},"/0/0/128":{"":{"Pro/E Layer Compatibility":"1"},"__PV_SystemProperties":{"Child Count":"0","Component Name":"54200-TRANSBLACK.PRT","Display Name":"54200-TRANSBLACK.PRT","Model Extents (mm)":"8","OL File Name":"l-Creo 3D_0_LEGO Speed Champions - 1974 Porsche 911 Turbo 3.0 (75895)_56.ol","Part Depth":"4","Part ID":"128","Part ID Path":"/0/0/128","Part Name":"54200-TRANSBLACK.PRT","Part Path":"Illustration/LEGO Speed Champions - 1974 Porsche 911 Turbo 3.0 (75895)/ASSY02.ASM/54200-TRANSBLACK.PRT"}},"/0/0/129":{"":{"Pro/E Layer Compatibility":"1"},"__PV_SystemProperties":{"Child Count":"0","Component Name":"92593-WHITE.PRT","Display Name":"92593-WHITE.PRT","Model Extents (mm)":"32","OL File Name":"l-Creo 3D_0_LEGO Speed Champions - 1974 Porsche 911 Turbo 3.0 (75895)_27.ol","Part Depth":"4","Part ID":"129","Part ID Path":"/0/0/129","Part Name":"92593-WHITE.PRT","Part Path":"Illustration/LEGO Speed Champions - 1974 Porsche 911 Turbo 3.0 (75895)/ASSY02.ASM/92593-WHITE.PRT"}},"/0/0/13":{"":{"Pro/E Layer Compatibility":"1"},"__PV_SystemProperties":{"Child Count":"0","Component Name":"18974-WHITE.PRT","Display Name":"18974-WHITE.PRT","Model Extents (mm)":"32","OL File Name":"l-Creo 3D_0_LEGO Speed Champions - 1974 Porsche 911 Turbo 3.0 (75895)_9.ol","Part Depth":"4","Part ID":"13","Part ID Path":"/0/0/13","Part Name":"18974-WHITE.PRT","Part Path":"Illustration/LEGO Speed Champions - 1974 Porsche 911 Turbo 3.0 (75895)/ASSY02.ASM/18974-WHITE.PRT"}},"/0/0/130":{"":{"Pro/E Layer Compatibility":"1"},"__PV_SystemProperties":{"Child Count":"0","Component Name":"85984-WHITE.PRT","Display Name":"85984-WHITE.PRT","Model Extents (mm)":"16","OL File Name":"l-Creo 3D_0_LEGO Speed Champions - 1974 Porsche 911 Turbo 3.0 (75895)_33.ol","Part Depth":"4","Part ID":"130","Part ID Path":"/0/0/130","Part Name":"85984-WHITE.PRT","Part Path":"Illustration/LEGO Speed Champions - 1974 Porsche 911 Turbo 3.0 (75895)/ASSY02.ASM/85984-WHITE.PRT"}},"/0/0/131":{"":{"Pro/E Layer Compatibility":"1"},"__PV_SystemProperties":{"Child Count":"0","Component Name":"85984-WHITE.PRT","Display Name":"85984-WHITE.PRT","Model Extents (mm)":"16","OL File Name":"l-Creo 3D_0_LEGO Speed Champions - 1974 Porsche 911 Turbo 3.0 (75895)_33.ol","Part Depth":"4","Part ID":"131","Part ID Path":"/0/0/131","Part Name":"85984-WHITE.PRT","Part Path":"Illustration/LEGO Speed Champions - 1974 Porsche 911 Turbo 3.0 (75895)/ASSY02.ASM/85984-WHITE.PRT"}},"/0/0/132":{"":{"Pro/E Layer Compatibility":"1"},"__PV_SystemProperties":{"Child Count":"0","Component Name":"93606-WHITE.PRT","Display Name":"93606-WHITE.PRT","Model Extents (mm)":"32","OL File Name":"l-Creo 3D_0_LEGO Speed Champions - 1974 Porsche 911 Turbo 3.0 (75895)_47.ol","Part Depth":"4","Part ID":"132","Part ID Path":"/0/0/132","Part Name":"93606-WHITE.PRT","Part Path":"Illustration/LEGO Speed Champions - 1974 Porsche 911 Turbo 3.0 (75895)/ASSY02.ASM/93606-WHITE.PRT"}},"/0/0/133":{"":{"Pro/E Layer Compatibility":"1"},"__PV_SystemProperties":{"Child Count":"0","Component Name":"93606-WHITE.PRT","Display Name":"93606-WHITE.PRT","Model Extents (mm)":"32","OL File Name":"l-Creo 3D_0_LEGO Speed Champions - 1974 Porsche 911 Turbo 3.0 (75895)_47.ol","Part Depth":"4","Part ID":"133","Part ID Path":"/0/0/133","Part Name":"93606-WHITE.PRT","Part Path":"Illustration/LEGO Speed Champions - 1974 Porsche 911 Turbo 3.0 (75895)/ASSY02.ASM/93606-WHITE.PRT"}},"/0/0/134":{"":{"Pro/E Layer Compatibility":"1"},"__PV_SystemProperties":{"Child Count":"0","Component Name":"99206-BLACK.PRT","Display Name":"99206-BLACK.PRT","Model Extents (mm)":"17.6","OL File Name":"l-Creo 3D_0_LEGO Speed Champions - 1974 Porsche 911 Turbo 3.0 (75895)_57.ol","Part Depth":"4","Part ID":"134","Part ID Path":"/0/0/134","Part Name":"99206-BLACK.PRT","Part Path":"Illustration/LEGO Speed Champions - 1974 Porsche 911 Turbo 3.0 (75895)/ASSY02.ASM/99206-BLACK.PRT"}},"/0/0/135":{"":{"Pro/E Layer Compatibility":"1"},"__PV_SystemProperties":{"Child Count":"0","Component Name":"2412B-BLACK.PRT","Display Name":"2412B-BLACK.PRT","Model Extents (mm)":"16","OL File Name":"l-Creo 3D_0_LEGO Speed Champions - 1974 Porsche 911 Turbo 3.0 (75895)_58.ol","Part Depth":"4","Part ID":"135","Part ID Path":"/0/0/135","Part Name":"2412B-BLACK.PRT","Part Path":"Illustration/LEGO Speed Champions - 1974 Porsche 911 Turbo 3.0 (75895)/ASSY02.ASM/2412B-BLACK.PRT"}},"/0/0/136":{"":{"Pro/E Layer Compatibility":"1"},"__PV_SystemProperties":{"Child Count":"0","Component Name":"2412B-BLACK.PRT","Display Name":"2412B-BLACK.PRT","Model Extents (mm)":"16","OL File Name":"l-Creo 3D_0_LEGO Speed Champions - 1974 Porsche 911 Turbo 3.0 (75895)_58.ol","Part Depth":"4","Part ID":"136","Part ID Path":"/0/0/136","Part Name":"2412B-BLACK.PRT","Part Path":"Illustration/LEGO Speed Champions - 1974 Porsche 911 Turbo 3.0 (75895)/ASSY02.ASM/2412B-BLACK.PRT"}},"/0/0/137":{"":{"Pro/E Layer Compatibility":"1"},"__PV_SystemProperties":{"Child Count":"0","Component Name":"99780-WHITE.PRT","Display Name":"99780-WHITE.PRT","Model Extents (mm)":"16","OL File Name":"l-Creo 3D_0_LEGO Speed Champions - 1974 Porsche 911 Turbo 3.0 (75895)_59.ol","Part Depth":"4","Part ID":"137","Part ID Path":"/0/0/137","Part Name":"99780-WHITE.PRT","Part Path":"Illustration/LEGO Speed Champions - 1974 Porsche 911 Turbo 3.0 (75895)/ASSY02.ASM/99780-WHITE.PRT"}},"/0/0/138":{"":{"Pro/E Layer Compatibility":"1"},"__PV_SystemProperties":{"Child Count":"0","Component Name":"99780-WHITE.PRT","Display Name":"99780-WHITE.PRT","Model Extents (mm)":"16","OL File Name":"l-Creo 3D_0_LEGO Speed Champions - 1974 Porsche 911 Turbo 3.0 (75895)_59.ol","Part Depth":"4","Part ID":"138","Part ID Path":"/0/0/138","Part Name":"99780-WHITE.PRT","Part Path":"Illustration/LEGO Speed Champions - 1974 Porsche 911 Turbo 3.0 (75895)/ASSY02.ASM/99780-WHITE.PRT"}},"/0/0/139":{"":{"Pro/E Layer Compatibility":"1"},"__PV_SystemProperties":{"Child Count":"0","Component Name":"3070B-WHITE.PRT","Display Name":"3070B-WHITE.PRT","Model Extents (mm)":"8","OL File Name":"l-Creo 3D_0_LEGO Speed Champions - 1974 Porsche 911 Turbo 3.0 (75895)_60.ol","Part Depth":"4","Part ID":"139","Part ID Path":"/0/0/139","Part Name":"3070B-WHITE.PRT","Part Path":"Illustration/LEGO Speed Champions - 1974 Porsche 911 Turbo 3.0 (75895)/ASSY02.ASM/3070B-WHITE.PRT"}},"/0/0/14":{"":{"Pro/E Layer Compatibility":"1"},"__PV_SystemProperties":{"Child Count":"0","Component Name":"3032-BLACK.PRT","Display Name":"3032-BLACK.PRT","Model Extents (mm)":"48","OL File Name":"l-Creo 3D_0_LEGO Speed Champions - 1974 Porsche 911 Turbo 3.0 (75895)_10.ol","Part Depth":"4","Part ID":"14","Part ID Path":"/0/0/14","Part Name":"3032-BLACK.PRT","Part Path":"Illustration/LEGO Speed Champions - 1974 Porsche 911 Turbo 3.0 (75895)/ASSY02.ASM/3032-BLACK.PRT"}},"/0/0/140":{"":{"Pro/E Layer Compatibility":"1"},"__PV_SystemProperties":{"Child Count":"0","Component Name":"3070B-WHITE.PRT","Display Name":"3070B-WHITE.PRT","Model Extents (mm)":"8","OL File Name":"l-Creo 3D_0_LEGO Speed Champions - 1974 Porsche 911 Turbo 3.0 (75895)_60.ol","Part Depth":"4","Part ID":"140","Part ID Path":"/0/0/140","Part Name":"3070B-WHITE.PRT","Part Path":"Illustration/LEGO Speed Champions - 1974 Porsche 911 Turbo 3.0 (75895)/ASSY02.ASM/3070B-WHITE.PRT"}},"/0/0/141":{"":{"Pro/E Layer Compatibility":"1"},"__PV_SystemProperties":{"Child Count":"0","Component Name":"3024-BLACK.PRT","Display Name":"3024-BLACK.PRT","Model Extents (mm)":"8","OL File Name":"l-Creo 3D_0_LEGO Speed Champions - 1974 Porsche 911 Turbo 3.0 (75895)_20.ol","Part Depth":"4","Part ID":"141","Part ID Path":"/0/0/141","Part Name":"3024-BLACK.PRT","Part Path":"Illustration/LEGO Speed Champions - 1974 Porsche 911 Turbo 3.0 (75895)/ASSY02.ASM/3024-BLACK.PRT"}},"/0/0/142":{"":{"Pro/E Layer Compatibility":"1"},"__PV_SystemProperties":{"Child Count":"0","Component Name":"3024-BLACK.PRT","Display Name":"3024-BLACK.PRT","Model Extents (mm)":"8","OL File Name":"l-Creo 3D_0_LEGO Speed Champions - 1974 Porsche 911 Turbo 3.0 (75895)_20.ol","Part Depth":"4","Part ID":"142","Part ID Path":"/0/0/142","Part Name":"3024-BLACK.PRT","Part Path":"Illustration/LEGO Speed Champions - 1974 Porsche 911 Turbo 3.0 (75895)/ASSY02.ASM/3024-BLACK.PRT"}},"/0/0/143":{"":{"Pro/E Layer Compatibility":"1"},"__PV_SystemProperties":{"Child Count":"0","Component Name":"11477-BLACK.PRT","Display Name":"11477-BLACK.PRT","Model Extents (mm)":"16","OL File Name":"l-Creo 3D_0_LEGO Speed Champions - 1974 Porsche 911 Turbo 3.0 (75895)_61.ol","Part Depth":"4","Part ID":"143","Part ID Path":"/0/0/143","Part Name":"11477-BLACK.PRT","Part Path":"Illustration/LEGO Speed Champions - 1974 Porsche 911 Turbo 3.0 (75895)/ASSY02.ASM/11477-BLACK.PRT"}},"/0/0/144":{"":{"Pro/E Layer Compatibility":"1"},"__PV_SystemProperties":{"Child Count":"0","Component Name":"11477-BLACK.PRT","Display Name":"11477-BLACK.PRT","Model Extents (mm)":"16","OL File Name":"l-Creo 3D_0_LEGO Speed Champions - 1974 Porsche 911 Turbo 3.0 (75895)_61.ol","Part Depth":"4","Part ID":"144","Part ID Path":"/0/0/144","Part Name":"11477-BLACK.PRT","Part Path":"Illustration/LEGO Speed Champions - 1974 Porsche 911 Turbo 3.0 (75895)/ASSY02.ASM/11477-BLACK.PRT"}},"/0/0/145":{"":{"Pro/E Layer Compatibility":"1"},"__PV_SystemProperties":{"Child Count":"0","Component Name":"3666-BLACK.PRT","Display Name":"3666-BLACK.PRT","Model Extents (mm)":"48","OL File Name":"l-Creo 3D_0_LEGO Speed Champions - 1974 Porsche 911 Turbo 3.0 (75895)_3.ol","Part Depth":"4","Part ID":"145","Part ID Path":"/0/0/145","Part Name":"3666-BLACK.PRT","Part Path":"Illustration/LEGO Speed Champions - 1974 Porsche 911 Turbo 3.0 (75895)/ASSY02.ASM/3666-BLACK.PRT"}},"/0/0/146":{"":{"Pro/E Layer Compatibility":"1"},"__PV_SystemProperties":{"Child Count":"0","Component Name":"85984-BLACK.PRT","Display Name":"85984-BLACK.PRT","Model Extents (mm)":"16","OL File Name":"l-Creo 3D_0_LEGO Speed Champions - 1974 Porsche 911 Turbo 3.0 (75895)_62.ol","Part Depth":"4","Part ID":"146","Part ID Path":"/0/0/146","Part Name":"85984-BLACK.PRT","Part Path":"Illustration/LEGO Speed Champions - 1974 Porsche 911 Turbo 3.0 (75895)/ASSY02.ASM/85984-BLACK.PRT"}},"/0/0/147":{"":{"Pro/E Layer Compatibility":"1"},"__PV_SystemProperties":{"Child Count":"0","Component Name":"85984-BLACK.PRT","Display Name":"85984-BLACK.PRT","Model Extents (mm)":"16","OL File Name":"l-Creo 3D_0_LEGO Speed Champions - 1974 Porsche 911 Turbo 3.0 (75895)_62.ol","Part Depth":"4","Part ID":"147","Part ID Path":"/0/0/147","Part Name":"85984-BLACK.PRT","Part Path":"Illustration/LEGO Speed Champions - 1974 Porsche 911 Turbo 3.0 (75895)/ASSY02.ASM/85984-BLACK.PRT"}},"/0/0/148":{"":{"Pro/E Layer Compatibility":"1"},"__PV_SystemProperties":{"Child Count":"0","Component Name":"85984-BLACK.PRT","Display Name":"85984-BLACK.PRT","Model Extents (mm)":"16","OL File Name":"l-Creo 3D_0_LEGO Speed Champions - 1974 Porsche 911 Turbo 3.0 (75895)_62.ol","Part Depth":"4","Part ID":"148","Part ID Path":"/0/0/148","Part Name":"85984-BLACK.PRT","Part Path":"Illustration/LEGO Speed Champions - 1974 Porsche 911 Turbo 3.0 (75895)/ASSY02.ASM/85984-BLACK.PRT"}},"/0/0/149":{"":{"Pro/E Layer Compatibility":"1"},"__PV_SystemProperties":{"Child Count":"0","Component Name":"57783-TRANSBLACK.PRT","Display Name":"57783-TRANSBLACK.PRT","Model Extents (mm)":"32","OL File Name":"l-Creo 3D_0_LEGO Speed Champions - 1974 Porsche 911 Turbo 3.0 (75895)_63.ol","Part Depth":"4","Part ID":"149","Part ID Path":"/0/0/149","Part Name":"57783-TRANSBLACK.PRT","Part Path":"Illustration/LEGO Speed Champions - 1974 Porsche 911 Turbo 3.0 (75895)/ASSY02.ASM/57783-TRANSBLACK.PRT"}},"/0/0/15":{"":{"Pro/E Layer Compatibility":"1"},"__PV_SystemProperties":{"Child Count":"0","Component Name":"17485-LTBLUISHGRAY.PRT","Display Name":"17485-LTBLUISHGRAY.PRT","Model Extents (mm)":"16","OL File Name":"l-Creo 3D_0_LEGO Speed Champions - 1974 Porsche 911 Turbo 3.0 (75895)_4.ol","Part Depth":"4","Part ID":"15","Part ID Path":"/0/0/15","Part Name":"17485-LTBLUISHGRAY.PRT","Part Path":"Illustration/LEGO Speed Champions - 1974 Porsche 911 Turbo 3.0 (75895)/ASSY02.ASM/17485-LTBLUISHGRAY.PRT"}},"/0/0/150":{"":{"Pro/E Layer Compatibility":"1"},"__PV_SystemProperties":{"Child Count":"0","Component Name":"87079-WHITE.PRT","Display Name":"87079-WHITE.PRT","Model Extents (mm)":"32","OL File Name":"l-Creo 3D_0_LEGO Speed Champions - 1974 Porsche 911 Turbo 3.0 (75895)_64.ol","Part Depth":"4","Part ID":"150","Part ID Path":"/0/0/150","Part Name":"87079-WHITE.PRT","Part Path":"Illustration/LEGO Speed Champions - 1974 Porsche 911 Turbo 3.0 (75895)/ASSY02.ASM/87079-WHITE.PRT"}},"/0/0/151":{"":{"Pro/E Layer Compatibility":"1"},"__PV_SystemProperties":{"Child Count":"0","Component Name":"55982-LTBLUISHGRAY.PRT","Display Name":"55982-LTBLUISHGRAY.PRT","Model Extents (mm)":"16.8","OL File Name":"l-Creo 3D_0_LEGO Speed Champions - 1974 Porsche 911 Turbo 3.0 (75895)_65.ol","Part Depth":"4","Part ID":"151","Part ID Path":"/0/0/151","Part Name":"55982-LTBLUISHGRAY.PRT","Part Path":"Illustration/LEGO Speed Champions - 1974 Porsche 911 Turbo 3.0 (75895)/ASSY02.ASM/55982-LTBLUISHGRAY.PRT"}},"/0/0/152":{"":{"Pro/E Layer Compatibility":"1"},"__PV_SystemProperties":{"Child Count":"0","Component Name":"18977-BLACKRUBBER.PRT","Display Name":"18977-BLACKRUBBER.PRT","Model Extents (mm)":"24","OL File Name":"l-Creo 3D_0_LEGO Speed Champions - 1974 Porsche 911 Turbo 3.0 (75895)_66.ol","Part Depth":"4","Part ID":"152","Part ID Path":"/0/0/152","Part Name":"18977-BLACKRUBBER.PRT","Part Path":"Illustration/LEGO Speed Champions - 1974 Porsche 911 Turbo 3.0 (75895)/ASSY02.ASM/18977-BLACKRUBBER.PRT"}},"/0/0/153":{"":{"Pro/E Layer Compatibility":"1"},"__PV_SystemProperties":{"Child Count":"0","Component Name":"44294-LTBLUISHGRAY.PRT","Display Name":"44294-LTBLUISHGRAY.PRT","Model Extents (mm)":"56","OL File Name":"l-Creo 3D_0_LEGO Speed Champions - 1974 Porsche 911 Turbo 3.0 (75895)_67.ol","Part Depth":"4","Part ID":"153","Part ID Path":"/0/0/153","Part Name":"44294-LTBLUISHGRAY.PRT","Part Path":"Illustration/LEGO Speed Champions - 1974 Porsche 911 Turbo 3.0 (75895)/ASSY02.ASM/44294-LTBLUISHGRAY.PRT"}},"/0/0/154":{"":{"Pro/E Layer Compatibility":"1"},"__PV_SystemProperties":{"Child Count":"0","Component Name":"4265C-LTBLUISHGRAY.PRT","Display Name":"4265C-LTBLUISHGRAY.PRT","Model Extents (mm)":"10.1823","OL File Name":"l-Creo 3D_0_LEGO Speed Champions - 1974 Porsche 911 Turbo 3.0 (75895)_68.ol","Part Depth":"4","Part ID":"154","Part ID Path":"/0/0/154","Part Name":"4265C-LTBLUISHGRAY.PRT","Part Path":"Illustration/LEGO Speed Champions - 1974 Porsche 911 Turbo 3.0 (75895)/ASSY02.ASM/4265C-LTBLUISHGRAY.PRT"}},"/0/0/155":{"":{"Pro/E Layer Compatibility":"1"},"__PV_SystemProperties":{"Child Count":"0","Component Name":"44294-LTBLUISHGRAY.PRT","Display Name":"44294-LTBLUISHGRAY.PRT","Model Extents (mm)":"56","OL File Name":"l-Creo 3D_0_LEGO Speed Champions - 1974 Porsche 911 Turbo 3.0 (75895)_67.ol","Part Depth":"4","Part ID":"155","Part ID Path":"/0/0/155","Part Name":"44294-LTBLUISHGRAY.PRT","Part Path":"Illustration/LEGO Speed Champions - 1974 Porsche 911 Turbo 3.0 (75895)/ASSY02.ASM/44294-LTBLUISHGRAY.PRT"}},"/0/0/156":{"":{"Pro/E Layer Compatibility":"1"},"__PV_SystemProperties":{"Child Count":"0","Component Name":"55982-LTBLUISHGRAY.PRT","Display Name":"55982-LTBLUISHGRAY.PRT","Model Extents (mm)":"16.8","OL File Name":"l-Creo 3D_0_LEGO Speed Champions - 1974 Porsche 911 Turbo 3.0 (75895)_65.ol","Part Depth":"4","Part ID":"156","Part ID Path":"/0/0/156","Part Name":"55982-LTBLUISHGRAY.PRT","Part Path":"Illustration/LEGO Speed Champions - 1974 Porsche 911 Turbo 3.0 (75895)/ASSY02.ASM/55982-LTBLUISHGRAY.PRT"}},"/0/0/157":{"":{"Pro/E Layer Compatibility":"1"},"__PV_SystemProperties":{"Child Count":"0","Component Name":"18977-BLACKRUBBER.PRT","Display Name":"18977-BLACKRUBBER.PRT","Model Extents (mm)":"24","OL File Name":"l-Creo 3D_0_LEGO Speed Champions - 1974 Porsche 911 Turbo 3.0 (75895)_66.ol","Part Depth":"4","Part ID":"157","Part ID Path":"/0/0/157","Part Name":"18977-BLACKRUBBER.PRT","Part Path":"Illustration/LEGO Speed Champions - 1974 Porsche 911 Turbo 3.0 (75895)/ASSY02.ASM/18977-BLACKRUBBER.PRT"}},"/0/0/158":{"":{"Pro/E Layer Compatibility":"1"},"__PV_SystemProperties":{"Child Count":"0","Component Name":"4265C-LTBLUISHGRAY.PRT","Display Name":"4265C-LTBLUISHGRAY.PRT","Model Extents (mm)":"10.1823","OL File Name":"l-Creo 3D_0_LEGO Speed Champions - 1974 Porsche 911 Turbo 3.0 (75895)_68.ol","Part Depth":"4","Part ID":"158","Part ID Path":"/0/0/158","Part Name":"4265C-LTBLUISHGRAY.PRT","Part Path":"Illustration/LEGO Speed Champions - 1974 Porsche 911 Turbo 3.0 (75895)/ASSY02.ASM/4265C-LTBLUISHGRAY.PRT"}},"/0/0/159":{"":{"Pro/E Layer Compatibility":"1"},"__PV_SystemProperties":{"Child Count":"0","Component Name":"55982-LTBLUISHGRAY.PRT","Display Name":"55982-LTBLUISHGRAY.PRT","Model Extents (mm)":"16.8","OL File Name":"l-Creo 3D_0_LEGO Speed Champions - 1974 Porsche 911 Turbo 3.0 (75895)_65.ol","Part Depth":"4","Part ID":"159","Part ID Path":"/0/0/159","Part Name":"55982-LTBLUISHGRAY.PRT","Part Path":"Illustration/LEGO Speed Champions - 1974 Porsche 911 Turbo 3.0 (75895)/ASSY02.ASM/55982-LTBLUISHGRAY.PRT"}},"/0/0/16":{"":{"Pro/E Layer Compatibility":"1"},"__PV_SystemProperties":{"Child Count":"0","Component Name":"17485-LTBLUISHGRAY.PRT","Display Name":"17485-LTBLUISHGRAY.PRT","Model Extents (mm)":"16","OL File Name":"l-Creo 3D_0_LEGO Speed Champions - 1974 Porsche 911 Turbo 3.0 (75895)_4.ol","Part Depth":"4","Part ID":"16","Part ID Path":"/0/0/16","Part Name":"17485-LTBLUISHGRAY.PRT","Part Path":"Illustration/LEGO Speed Champions - 1974 Porsche 911 Turbo 3.0 (75895)/ASSY02.ASM/17485-LTBLUISHGRAY.PRT"}},"/0/0/160":{"":{"Pro/E Layer Compatibility":"1"},"__PV_SystemProperties":{"Child Count":"0","Component Name":"18977-BLACKRUBBER.PRT","Display Name":"18977-BLACKRUBBER.PRT","Model Extents (mm)":"24","OL File Name":"l-Creo 3D_0_LEGO Speed Champions - 1974 Porsche 911 Turbo 3.0 (75895)_66.ol","Part Depth":"4","Part ID":"160","Part ID Path":"/0/0/160","Part Name":"18977-BLACKRUBBER.PRT","Part Path":"Illustration/LEGO Speed Champions - 1974 Porsche 911 Turbo 3.0 (75895)/ASSY02.ASM/18977-BLACKRUBBER.PRT"}},"/0/0/161":{"":{"Pro/E Layer Compatibility":"1"},"__PV_SystemProperties":{"Child Count":"0","Component Name":"55982-LTBLUISHGRAY.PRT","Display Name":"55982-LTBLUISHGRAY.PRT","Model Extents (mm)":"16.8","OL File Name":"l-Creo 3D_0_LEGO Speed Champions - 1974 Porsche 911 Turbo 3.0 (75895)_65.ol","Part Depth":"4","Part ID":"161","Part ID Path":"/0/0/161","Part Name":"55982-LTBLUISHGRAY.PRT","Part Path":"Illustration/LEGO Speed Champions - 1974 Porsche 911 Turbo 3.0 (75895)/ASSY02.ASM/55982-LTBLUISHGRAY.PRT"}},"/0/0/162":{"":{"Pro/E Layer Compatibility":"1"},"__PV_SystemProperties":{"Child Count":"0","Component Name":"18977-BLACKRUBBER.PRT","Display Name":"18977-BLACKRUBBER.PRT","Model Extents (mm)":"24","OL File Name":"l-Creo 3D_0_LEGO Speed Champions - 1974 Porsche 911 Turbo 3.0 (75895)_66.ol","Part Depth":"4","Part ID":"162","Part ID Path":"/0/0/162","Part Name":"18977-BLACKRUBBER.PRT","Part Path":"Illustration/LEGO Speed Champions - 1974 Porsche 911 Turbo 3.0 (75895)/ASSY02.ASM/18977-BLACKRUBBER.PRT"}},"/0/0/163":{"":{"Pro/E Layer Compatibility":"1"},"__PV_SystemProperties":{"Child Count":"0","Component Name":"4265C-LTBLUISHGRAY.PRT","Display Name":"4265C-LTBLUISHGRAY.PRT","Model Extents (mm)":"10.1823","OL File Name":"l-Creo 3D_0_LEGO Speed Champions - 1974 Porsche 911 Turbo 3.0 (75895)_68.ol","Part Depth":"4","Part ID":"163","Part ID Path":"/0/0/163","Part Name":"4265C-LTBLUISHGRAY.PRT","Part Path":"Illustration/LEGO Speed Champions - 1974 Porsche 911 Turbo 3.0 (75895)/ASSY02.ASM/4265C-LTBLUISHGRAY.PRT"}},"/0/0/164":{"":{"Pro/E Layer Compatibility":"1"},"__PV_SystemProperties":{"Child Count":"0","Component Name":"4265C-LTBLUISHGRAY.PRT","Display Name":"4265C-LTBLUISHGRAY.PRT","Model Extents (mm)":"10.1823","OL File Name":"l-Creo 3D_0_LEGO Speed Champions - 1974 Porsche 911 Turbo 3.0 (75895)_68.ol","Part Depth":"4","Part ID":"164","Part ID Path":"/0/0/164","Part Name":"4265C-LTBLUISHGRAY.PRT","Part Path":"Illustration/LEGO Speed Champions - 1974 Porsche 911 Turbo 3.0 (75895)/ASSY02.ASM/4265C-LTBLUISHGRAY.PRT"}},"/0/0/165":{"":{"Pro/E Layer Compatibility":"1"},"__PV_SystemProperties":{"Child Count":"0","Component Name":"2.PRT","Display Name":"2.PRT","Model Extents (mm)":"15","OL File Name":"l-Creo 3D_0_LEGO Speed Champions - 1974 Porsche 911 Turbo 3.0 (75895)_69.ol","Part Depth":"4","Part ID":"165","Part ID Path":"/0/0/165","Part Name":"2.PRT","Part Path":"Illustration/LEGO Speed Champions - 1974 Porsche 911 Turbo 3.0 (75895)/ASSY02.ASM/2.PRT"}},"/0/0/166":{"":{"Pro/E Layer Compatibility":"1"},"__PV_SystemProperties":{"Child Count":"0","Component Name":"3.PRT","Display Name":"3.PRT","Model Extents (mm)":"23.6271","OL File Name":"l-Creo 3D_0_LEGO Speed Champions - 1974 Porsche 911 Turbo 3.0 (75895)_70.ol","Part Depth":"4","Part ID":"166","Part ID Path":"/0/0/166","Part Name":"3.PRT","Part Path":"Illustration/LEGO Speed Champions - 1974 Porsche 911 Turbo 3.0 (75895)/ASSY02.ASM/3.PRT"}},"/0/0/167":{"":{"Pro/E Layer Compatibility":"1"},"__PV_SystemProperties":{"Child Count":"0","Component Name":"3.PRT","Display Name":"3.PRT","Model Extents (mm)":"23.6271","OL File Name":"l-Creo 3D_0_LEGO Speed Champions - 1974 Porsche 911 Turbo 3.0 (75895)_70.ol","Part Depth":"4","Part ID":"167","Part ID Path":"/0/0/167","Part Name":"3.PRT","Part Path":"Illustration/LEGO Speed Champions - 1974 Porsche 911 Turbo 3.0 (75895)/ASSY02.ASM/3.PRT"}},"/0/0/168":{"":{"Pro/E Layer Compatibility":"1"},"__PV_SystemProperties":{"Child Count":"0","Component Name":"8.PRT","Display Name":"8.PRT","Model Extents (mm)":"18.9996","OL File Name":"l-Creo 3D_0_LEGO Speed Champions - 1974 Porsche 911 Turbo 3.0 (75895)_71.ol","Part Depth":"4","Part ID":"168","Part ID Path":"/0/0/168","Part Name":"8.PRT","Part Path":"Illustration/LEGO Speed Champions - 1974 Porsche 911 Turbo 3.0 (75895)/ASSY02.ASM/8.PRT"}},"/0/0/169":{"":{"Pro/E Layer Compatibility":"1"},"__PV_SystemProperties":{"Child Count":"0","Component Name":"7.PRT","Display Name":"7.PRT","Model Extents (mm)":"18.9996","OL File Name":"l-Creo 3D_0_LEGO Speed Champions - 1974 Porsche 911 Turbo 3.0 (75895)_72.ol","Part Depth":"4","Part ID":"169","Part ID Path":"/0/0/169","Part Name":"7.PRT","Part Path":"Illustration/LEGO Speed Champions - 1974 Porsche 911 Turbo 3.0 (75895)/ASSY02.ASM/7.PRT"}},"/0/0/17":{"":{"Pro/E Layer Compatibility":"1"},"__PV_SystemProperties":{"Child Count":"0","Component Name":"11215-RED.PRT","Display Name":"11215-RED.PRT","Model Extents (mm)":"40","OL File Name":"l-Creo 3D_0_LEGO Speed Champions - 1974 Porsche 911 Turbo 3.0 (75895)_11.ol","Part Depth":"4","Part ID":"17","Part ID Path":"/0/0/17","Part Name":"11215-RED.PRT","Part Path":"Illustration/LEGO Speed Champions - 1974 Porsche 911 Turbo 3.0 (75895)/ASSY02.ASM/11215-RED.PRT"}},"/0/0/170":{"":{"Pro/E Layer Compatibility":"1"},"__PV_SystemProperties":{"Child Count":"0","Component Name":"6.PRT","Display Name":"6.PRT","Model Extents (mm)":"15","OL File Name":"l-Creo 3D_0_LEGO Speed Champions - 1974 Porsche 911 Turbo 3.0 (75895)_73.ol","Part Depth":"4","Part ID":"170","Part ID Path":"/0/0/170","Part Name":"6.PRT","Part Path":"Illustration/LEGO Speed Champions - 1974 Porsche 911 Turbo 3.0 (75895)/ASSY02.ASM/6.PRT"}},"/0/0/171":{"":{"Pro/E Layer Compatibility":"1"},"__PV_SystemProperties":{"Child Count":"0","Component Name":"4.PRT","Display Name":"4.PRT","Model Extents (mm)":"31.949","OL File Name":"l-Creo 3D_0_LEGO Speed Champions - 1974 Porsche 911 Turbo 3.0 (75895)_74.ol","Part Depth":"4","Part ID":"171","Part ID Path":"/0/0/171","Part Name":"4.PRT","Part Path":"Illustration/LEGO Speed Champions - 1974 Porsche 911 Turbo 3.0 (75895)/ASSY02.ASM/4.PRT"}},"/0/0/172":{"":{"Pro/E Layer Compatibility":"1"},"__PV_SystemProperties":{"Child Count":"0","Component Name":"5.PRT","Display Name":"5.PRT","Model Extents (mm)":"31.949","OL File Name":"l-Creo 3D_0_LEGO Speed Champions - 1974 Porsche 911 Turbo 3.0 (75895)_75.ol","Part Depth":"4","Part ID":"172","Part ID Path":"/0/0/172","Part Name":"5.PRT","Part Path":"Illustration/LEGO Speed Champions - 1974 Porsche 911 Turbo 3.0 (75895)/ASSY02.ASM/5.PRT"}},"/0/0/173":{"":{"Pro/E Layer Compatibility":"1"},"__PV_SystemProperties":{"Child Count":"0","Component Name":"1.PRT","Display Name":"1.PRT","Model Extents (mm)":"11.9733","OL File Name":"l-Creo 3D_0_LEGO Speed Champions - 1974 Porsche 911 Turbo 3.0 (75895)_76.ol","Part Depth":"4","Part ID":"173","Part ID Path":"/0/0/173","Part Name":"1.PRT","Part Path":"Illustration/LEGO Speed Champions - 1974 Porsche 911 Turbo 3.0 (75895)/ASSY02.ASM/1.PRT"}},"/0/0/174":{"":{"Pro/E Layer Compatibility":"1"},"__PV_SystemProperties":{"Child Count":"0","Component Name":"1.PRT","Display Name":"1.PRT","Model Extents (mm)":"11.9733","OL File Name":"l-Creo 3D_0_LEGO Speed Champions - 1974 Porsche 911 Turbo 3.0 (75895)_76.ol","Part Depth":"4","Part ID":"174","Part ID Path":"/0/0/174","Part Name":"1.PRT","Part Path":"Illustration/LEGO Speed Champions - 1974 Porsche 911 Turbo 3.0 (75895)/ASSY02.ASM/1.PRT"}},"/0/0/18":{"":{"Pro/E Layer Compatibility":"1"},"__PV_SystemProperties":{"Child Count":"0","Component Name":"2420-WHITE.PRT","Display Name":"2420-WHITE.PRT","Model Extents (mm)":"16","OL File Name":"l-Creo 3D_0_LEGO Speed Champions - 1974 Porsche 911 Turbo 3.0 (75895)_12.ol","Part Depth":"4","Part ID":"18","Part ID Path":"/0/0/18","Part Name":"2420-WHITE.PRT","Part Path":"Illustration/LEGO Speed Champions - 1974 Porsche 911 Turbo 3.0 (75895)/ASSY02.ASM/2420-WHITE.PRT"}},"/0/0/19":{"":{"Pro/E Layer Compatibility":"1"},"__PV_SystemProperties":{"Child Count":"0","Component Name":"2420-WHITE.PRT","Display Name":"2420-WHITE.PRT","Model Extents (mm)":"16","OL File Name":"l-Creo 3D_0_LEGO Speed Champions - 1974 Porsche 911 Turbo 3.0 (75895)_12.ol","Part Depth":"4","Part ID":"19","Part ID Path":"/0/0/19","Part Name":"2420-WHITE.PRT","Part Path":"Illustration/LEGO Speed Champions - 1974 Porsche 911 Turbo 3.0 (75895)/ASSY02.ASM/2420-WHITE.PRT"}},"/0/0/2":{"":{"Pro/E Layer Compatibility":"1"},"__PV_SystemProperties":{"Child Count":"0","Component Name":"3666-BLACK.PRT","Display Name":"3666-BLACK.PRT","Model Extents (mm)":"48","OL File Name":"l-Creo 3D_0_LEGO Speed Champions - 1974 Porsche 911 Turbo 3.0 (75895)_3.ol","Part Depth":"4","Part ID":"2","Part ID Path":"/0/0/2","Part Name":"3666-BLACK.PRT","Part Path":"Illustration/LEGO Speed Champions - 1974 Porsche 911 Turbo 3.0 (75895)/ASSY02.ASM/3666-BLACK.PRT"}},"/0/0/20":{"":{"Pro/E Layer Compatibility":"1"},"__PV_SystemProperties":{"Child Count":"0","Component Name":"2420-BLUE.PRT","Display Name":"2420-BLUE.PRT","Model Extents (mm)":"16","OL File Name":"l-Creo 3D_0_LEGO Speed Champions - 1974 Porsche 911 Turbo 3.0 (75895)_13.ol","Part Depth":"4","Part ID":"20","Part ID Path":"/0/0/20","Part Name":"2420-BLUE.PRT","Part Path":"Illustration/LEGO Speed Champions - 1974 Porsche 911 Turbo 3.0 (75895)/ASSY02.ASM/2420-BLUE.PRT"}},"/0/0/21":{"":{"Pro/E Layer Compatibility":"1"},"__PV_SystemProperties":{"Child Count":"0","Component Name":"2420-BLUE.PRT","Display Name":"2420-BLUE.PRT","Model Extents (mm)":"16","OL File Name":"l-Creo 3D_0_LEGO Speed Champions - 1974 Porsche 911 Turbo 3.0 (75895)_13.ol","Part Depth":"4","Part ID":"21","Part ID Path":"/0/0/21","Part Name":"2420-BLUE.PRT","Part Path":"Illustration/LEGO Speed Champions - 1974 Porsche 911 Turbo 3.0 (75895)/ASSY02.ASM/2420-BLUE.PRT"}},"/0/0/22":{"":{"Pro/E Layer Compatibility":"1"},"__PV_SystemProperties":{"Child Count":"0","Component Name":"3020-WHITE.PRT","Display Name":"3020-WHITE.PRT","Model Extents (mm)":"32","OL File Name":"l-Creo 3D_0_LEGO Speed Champions - 1974 Porsche 911 Turbo 3.0 (75895)_14.ol","Part Depth":"4","Part ID":"22","Part ID Path":"/0/0/22","Part Name":"3020-WHITE.PRT","Part Path":"Illustration/LEGO Speed Champions - 1974 Porsche 911 Turbo 3.0 (75895)/ASSY02.ASM/3020-WHITE.PRT"}},"/0/0/23":{"":{"Pro/E Layer Compatibility":"1"},"__PV_SystemProperties":{"Child Count":"0","Component Name":"3020-WHITE.PRT","Display Name":"3020-WHITE.PRT","Model Extents (mm)":"32","OL File Name":"l-Creo 3D_0_LEGO Speed Champions - 1974 Porsche 911 Turbo 3.0 (75895)_14.ol","Part Depth":"4","Part ID":"23","Part ID Path":"/0/0/23","Part Name":"3020-WHITE.PRT","Part Path":"Illustration/LEGO Speed Champions - 1974 Porsche 911 Turbo 3.0 (75895)/ASSY02.ASM/3020-WHITE.PRT"}},"/0/0/24":{"":{"Pro/E Layer Compatibility":"1"},"__PV_SystemProperties":{"Child Count":"0","Component Name":"64799-LTBLUISHGRAY.PRT","Display Name":"64799-LTBLUISHGRAY.PRT","Model Extents (mm)":"32","OL File Name":"l-Creo 3D_0_LEGO Speed Champions - 1974 Porsche 911 Turbo 3.0 (75895)_15.ol","Part Depth":"4","Part ID":"24","Part ID Path":"/0/0/24","Part Name":"64799-LTBLUISHGRAY.PRT","Part Path":"Illustration/LEGO Speed Champions - 1974 Porsche 911 Turbo 3.0 (75895)/ASSY02.ASM/64799-LTBLUISHGRAY.PRT"}},"/0/0/25":{"":{"Pro/E Layer Compatibility":"1"},"__PV_SystemProperties":{"Child Count":"0","Component Name":"3070B-BLACK.PRT","Display Name":"3070B-BLACK.PRT","Model Extents (mm)":"8","OL File Name":"l-Creo 3D_0_LEGO Speed Champions - 1974 Porsche 911 Turbo 3.0 (75895)_16.ol","Part Depth":"4","Part ID":"25","Part ID Path":"/0/0/25","Part Name":"3070B-BLACK.PRT","Part Path":"Illustration/LEGO Speed Champions - 1974 Porsche 911 Turbo 3.0 (75895)/ASSY02.ASM/3070B-BLACK.PRT"}},"/0/0/26":{"":{"Pro/E Layer Compatibility":"1"},"__PV_SystemProperties":{"Child Count":"0","Component Name":"2431-BLACK.PRT","Display Name":"2431-BLACK.PRT","Model Extents (mm)":"32","OL File Name":"l-Creo 3D_0_LEGO Speed Champions - 1974 Porsche 911 Turbo 3.0 (75895)_17.ol","Part Depth":"4","Part ID":"26","Part ID Path":"/0/0/26","Part Name":"2431-BLACK.PRT","Part Path":"Illustration/LEGO Speed Champions - 1974 Porsche 911 Turbo 3.0 (75895)/ASSY02.ASM/2431-BLACK.PRT"}},"/0/0/27":{"":{"Pro/E Layer Compatibility":"1"},"__PV_SystemProperties":{"Child Count":"0","Component Name":"3070B-BLACK.PRT","Display Name":"3070B-BLACK.PRT","Model Extents (mm)":"8","OL File Name":"l-Creo 3D_0_LEGO Speed Champions - 1974 Porsche 911 Turbo 3.0 (75895)_16.ol","Part Depth":"4","Part ID":"27","Part ID Path":"/0/0/27","Part Name":"3070B-BLACK.PRT","Part Path":"Illustration/LEGO Speed Champions - 1974 Porsche 911 Turbo 3.0 (75895)/ASSY02.ASM/3070B-BLACK.PRT"}},"/0/0/28":{"":{"Pro/E Layer Compatibility":"1"},"__PV_SystemProperties":{"Child Count":"0","Component Name":"2431-BLACK.PRT","Display Name":"2431-BLACK.PRT","Model Extents (mm)":"32","OL File Name":"l-Creo 3D_0_LEGO Speed Champions - 1974 Porsche 911 Turbo 3.0 (75895)_17.ol","Part Depth":"4","Part ID":"28","Part ID Path":"/0/0/28","Part Name":"2431-BLACK.PRT","Part Path":"Illustration/LEGO Speed Champions - 1974 Porsche 911 Turbo 3.0 (75895)/ASSY02.ASM/2431-BLACK.PRT"}},"/0/0/29":{"":{"Pro/E Layer Compatibility":"1"},"__PV_SystemProperties":{"Child Count":"0","Component Name":"3023-WHITE.PRT","Display Name":"3023-WHITE.PRT","Model Extents (mm)":"16","OL File Name":"l-Creo 3D_0_LEGO Speed Champions - 1974 Porsche 911 Turbo 3.0 (75895)_18.ol","Part Depth":"4","Part ID":"29","Part ID Path":"/0/0/29","Part Name":"3023-WHITE.PRT","Part Path":"Illustration/LEGO Speed Champions - 1974 Porsche 911 Turbo 3.0 (75895)/ASSY02.ASM/3023-WHITE.PRT"}},"/0/0/3":{"":{"Pro/E Layer Compatibility":"1"},"__PV_SystemProperties":{"Child Count":"0","Component Name":"3666-BLACK.PRT","Display Name":"3666-BLACK.PRT","Model Extents (mm)":"48","OL File Name":"l-Creo 3D_0_LEGO Speed Champions - 1974 Porsche 911 Turbo 3.0 (75895)_3.ol","Part Depth":"4","Part ID":"3","Part ID Path":"/0/0/3","Part Name":"3666-BLACK.PRT","Part Path":"Illustration/LEGO Speed Champions - 1974 Porsche 911 Turbo 3.0 (75895)/ASSY02.ASM/3666-BLACK.PRT"}},"/0/0/30":{"":{"Pro/E Layer Compatibility":"1"},"__PV_SystemProperties":{"Child Count":"0","Component Name":"3023-TAN.PRT","Display Name":"3023-TAN.PRT","Model Extents (mm)":"16","OL File Name":"l-Creo 3D_0_LEGO Speed Champions - 1974 Porsche 911 Turbo 3.0 (75895)_8.ol","Part Depth":"4","Part ID":"30","Part ID Path":"/0/0/30","Part Name":"3023-TAN.PRT","Part Path":"Illustration/LEGO Speed Champions - 1974 Porsche 911 Turbo 3.0 (75895)/ASSY02.ASM/3023-TAN.PRT"}},"/0/0/31":{"":{"Pro/E Layer Compatibility":"1"},"__PV_SystemProperties":{"Child Count":"0","Component Name":"99207-BLACK.PRT","Display Name":"99207-BLACK.PRT","Model Extents (mm)":"16","OL File Name":"l-Creo 3D_0_LEGO Speed Champions - 1974 Porsche 911 Turbo 3.0 (75895)_19.ol","Part Depth":"4","Part ID":"31","Part ID Path":"/0/0/31","Part Name":"99207-BLACK.PRT","Part Path":"Illustration/LEGO Speed Champions - 1974 Porsche 911 Turbo 3.0 (75895)/ASSY02.ASM/99207-BLACK.PRT"}},"/0/0/32":{"":{"Pro/E Layer Compatibility":"1"},"__PV_SystemProperties":{"Child Count":"0","Component Name":"99207-BLACK.PRT","Display Name":"99207-BLACK.PRT","Model Extents (mm)":"16","OL File Name":"l-Creo 3D_0_LEGO Speed Champions - 1974 Porsche 911 Turbo 3.0 (75895)_19.ol","Part Depth":"4","Part ID":"32","Part ID Path":"/0/0/32","Part Name":"99207-BLACK.PRT","Part Path":"Illustration/LEGO Speed Champions - 1974 Porsche 911 Turbo 3.0 (75895)/ASSY02.ASM/99207-BLACK.PRT"}},"/0/0/33":{"":{"Pro/E Layer Compatibility":"1"},"__PV_SystemProperties":{"Child Count":"0","Component Name":"3070B-BLACK.PRT","Display Name":"3070B-BLACK.PRT","Model Extents (mm)":"8","OL File Name":"l-Creo 3D_0_LEGO Speed Champions - 1974 Porsche 911 Turbo 3.0 (75895)_16.ol","Part Depth":"4","Part ID":"33","Part ID Path":"/0/0/33","Part Name":"3070B-BLACK.PRT","Part Path":"Illustration/LEGO Speed Champions - 1974 Porsche 911 Turbo 3.0 (75895)/ASSY02.ASM/3070B-BLACK.PRT"}},"/0/0/34":{"":{"Pro/E Layer Compatibility":"1"},"__PV_SystemProperties":{"Child Count":"0","Component Name":"3070B-BLACK.PRT","Display Name":"3070B-BLACK.PRT","Model Extents (mm)":"8","OL File Name":"l-Creo 3D_0_LEGO Speed Champions - 1974 Porsche 911 Turbo 3.0 (75895)_16.ol","Part Depth":"4","Part ID":"34","Part ID Path":"/0/0/34","Part Name":"3070B-BLACK.PRT","Part Path":"Illustration/LEGO Speed Champions - 1974 Porsche 911 Turbo 3.0 (75895)/ASSY02.ASM/3070B-BLACK.PRT"}},"/0/0/35":{"":{"Pro/E Layer Compatibility":"1"},"__PV_SystemProperties":{"Child Count":"0","Component Name":"99207-BLACK.PRT","Display Name":"99207-BLACK.PRT","Model Extents (mm)":"16","OL File Name":"l-Creo 3D_0_LEGO Speed Champions - 1974 Porsche 911 Turbo 3.0 (75895)_19.ol","Part Depth":"4","Part ID":"35","Part ID Path":"/0/0/35","Part Name":"99207-BLACK.PRT","Part Path":"Illustration/LEGO Speed Champions - 1974 Porsche 911 Turbo 3.0 (75895)/ASSY02.ASM/99207-BLACK.PRT"}},"/0/0/36":{"":{"Pro/E Layer Compatibility":"1"},"__PV_SystemProperties":{"Child Count":"0","Component Name":"3024-BLACK.PRT","Display Name":"3024-BLACK.PRT","Model Extents (mm)":"8","OL File Name":"l-Creo 3D_0_LEGO Speed Champions - 1974 Porsche 911 Turbo 3.0 (75895)_20.ol","Part Depth":"4","Part ID":"36","Part ID Path":"/0/0/36","Part Name":"3024-BLACK.PRT","Part Path":"Illustration/LEGO Speed Champions - 1974 Porsche 911 Turbo 3.0 (75895)/ASSY02.ASM/3024-BLACK.PRT"}},"/0/0/37":{"":{"Pro/E Layer Compatibility":"1"},"__PV_SystemProperties":{"Child Count":"0","Component Name":"99207-BLACK.PRT","Display Name":"99207-BLACK.PRT","Model Extents (mm)":"16","OL File Name":"l-Creo 3D_0_LEGO Speed Champions - 1974 Porsche 911 Turbo 3.0 (75895)_19.ol","Part Depth":"4","Part ID":"37","Part ID Path":"/0/0/37","Part Name":"99207-BLACK.PRT","Part Path":"Illustration/LEGO Speed Champions - 1974 Porsche 911 Turbo 3.0 (75895)/ASSY02.ASM/99207-BLACK.PRT"}},"/0/0/38":{"":{"Pro/E Layer Compatibility":"1"},"__PV_SystemProperties":{"Child Count":"0","Component Name":"3024-BLACK.PRT","Display Name":"3024-BLACK.PRT","Model Extents (mm)":"8","OL File Name":"l-Creo 3D_0_LEGO Speed Champions - 1974 Porsche 911 Turbo 3.0 (75895)_20.ol","Part Depth":"4","Part ID":"38","Part ID Path":"/0/0/38","Part Name":"3024-BLACK.PRT","Part Path":"Illustration/LEGO Speed Champions - 1974 Porsche 911 Turbo 3.0 (75895)/ASSY02.ASM/3024-BLACK.PRT"}},"/0/0/39":{"":{"Pro/E Layer Compatibility":"1"},"__PV_SystemProperties":{"Child Count":"0","Component Name":"32124-REDDISHBROWN.PRT","Display Name":"32124-REDDISHBROWN.PRT","Model Extents (mm)":"40","OL File Name":"l-Creo 3D_0_LEGO Speed Champions - 1974 Porsche 911 Turbo 3.0 (75895)_21.ol","Part Depth":"4","Part ID":"39","Part ID Path":"/0/0/39","Part Name":"32124-REDDISHBROWN.PRT","Part Path":"Illustration/LEGO Speed Champions - 1974 Porsche 911 Turbo 3.0 (75895)/ASSY02.ASM/32124-REDDISHBROWN.PRT"}},"/0/0/4":{"":{"Pro/E Layer Compatibility":"1"},"__PV_SystemProperties":{"Child Count":"0","Component Name":"17485-LTBLUISHGRAY.PRT","Display Name":"17485-LTBLUISHGRAY.PRT","Model Extents (mm)":"16","OL File Name":"l-Creo 3D_0_LEGO Speed Champions - 1974 Porsche 911 Turbo 3.0 (75895)_4.ol","Part Depth":"4","Part ID":"4","Part ID Path":"/0/0/4","Part Name":"17485-LTBLUISHGRAY.PRT","Part Path":"Illustration/LEGO Speed Champions - 1974 Porsche 911 Turbo 3.0 (75895)/ASSY02.ASM/17485-LTBLUISHGRAY.PRT"}},"/0/0/40":{"":{"Pro/E Layer Compatibility":"1"},"__PV_SystemProperties":{"Child Count":"0","Component Name":"32124-REDDISHBROWN.PRT","Display Name":"32124-REDDISHBROWN.PRT","Model Extents (mm)":"40","OL File Name":"l-Creo 3D_0_LEGO Speed Champions - 1974 Porsche 911 Turbo 3.0 (75895)_21.ol","Part Depth":"4","Part ID":"40","Part ID Path":"/0/0/40","Part Name":"32124-REDDISHBROWN.PRT","Part Path":"Illustration/LEGO Speed Champions - 1974 Porsche 911 Turbo 3.0 (75895)/ASSY02.ASM/32124-REDDISHBROWN.PRT"}},"/0/0/41":{"":{"Pro/E Layer Compatibility":"1"},"__PV_SystemProperties":{"Child Count":"0","Component Name":"3040-REDDISHBROWN.PRT","Display Name":"3040-REDDISHBROWN.PRT","Model Extents (mm)":"16","OL File Name":"l-Creo 3D_0_LEGO Speed Champions - 1974 Porsche 911 Turbo 3.0 (75895)_22.ol","Part Depth":"4","Part ID":"41","Part ID Path":"/0/0/41","Part Name":"3040-REDDISHBROWN.PRT","Part Path":"Illustration/LEGO Speed Champions - 1974 Porsche 911 Turbo 3.0 (75895)/ASSY02.ASM/3040-REDDISHBROWN.PRT"}},"/0/0/42":{"":{"Pro/E Layer Compatibility":"1"},"__PV_SystemProperties":{"Child Count":"0","Component Name":"3040-REDDISHBROWN.PRT","Display Name":"3040-REDDISHBROWN.PRT","Model Extents (mm)":"16","OL File Name":"l-Creo 3D_0_LEGO Speed Champions - 1974 Porsche 911 Turbo 3.0 (75895)_22.ol","Part Depth":"4","Part ID":"42","Part ID Path":"/0/0/42","Part Name":"3040-REDDISHBROWN.PRT","Part Path":"Illustration/LEGO Speed Champions - 1974 Porsche 911 Turbo 3.0 (75895)/ASSY02.ASM/3040-REDDISHBROWN.PRT"}},"/0/0/43":{"":{"Pro/E Layer Compatibility":"1"},"__PV_SystemProperties":{"Child Count":"0","Component Name":"6091-TAN.PRT","Display Name":"6091-TAN.PRT","Model Extents (mm)":"16","OL File Name":"l-Creo 3D_0_LEGO Speed Champions - 1974 Porsche 911 Turbo 3.0 (75895)_23.ol","Part Depth":"4","Part ID":"43","Part ID Path":"/0/0/43","Part Name":"6091-TAN.PRT","Part Path":"Illustration/LEGO Speed Champions - 1974 Porsche 911 Turbo 3.0 (75895)/ASSY02.ASM/6091-TAN.PRT"}},"/0/0/44":{"":{"Pro/E Layer Compatibility":"1"},"__PV_SystemProperties":{"Child Count":"0","Component Name":"6091-TAN.PRT","Display Name":"6091-TAN.PRT","Model Extents (mm)":"16","OL File Name":"l-Creo 3D_0_LEGO Speed Champions - 1974 Porsche 911 Turbo 3.0 (75895)_23.ol","Part Depth":"4","Part ID":"44","Part ID Path":"/0/0/44","Part Name":"6091-TAN.PRT","Part Path":"Illustration/LEGO Speed Champions - 1974 Porsche 911 Turbo 3.0 (75895)/ASSY02.ASM/6091-TAN.PRT"}},"/0/0/45":{"":{"Pro/E Layer Compatibility":"1"},"__PV_SystemProperties":{"Child Count":"0","Component Name":"3022-RED.PRT","Display Name":"3022-RED.PRT","Model Extents (mm)":"16","OL File Name":"l-Creo 3D_0_LEGO Speed Champions - 1974 Porsche 911 Turbo 3.0 (75895)_6.ol","Part Depth":"4","Part ID":"45","Part ID Path":"/0/0/45","Part Name":"3022-RED.PRT","Part Path":"Illustration/LEGO Speed Champions - 1974 Porsche 911 Turbo 3.0 (75895)/ASSY02.ASM/3022-RED.PRT"}},"/0/0/46":{"":{"Pro/E Layer Compatibility":"1"},"__PV_SystemProperties":{"Child Count":"0","Component Name":"3710-BLACK.PRT","Display Name":"3710-BLACK.PRT","Model Extents (mm)":"32","OL File Name":"l-Creo 3D_0_LEGO Speed Champions - 1974 Porsche 911 Turbo 3.0 (75895)_24.ol","Part Depth":"4","Part ID":"46","Part ID Path":"/0/0/46","Part Name":"3710-BLACK.PRT","Part Path":"Illustration/LEGO Speed Champions - 1974 Porsche 911 Turbo 3.0 (75895)/ASSY02.ASM/3710-BLACK.PRT"}},"/0/0/47":{"":{"Pro/E Layer Compatibility":"1"},"__PV_SystemProperties":{"Child Count":"0","Component Name":"30414-BLACK.PRT","Display Name":"30414-BLACK.PRT","Model Extents (mm)":"32","OL File Name":"l-Creo 3D_0_LEGO Speed Champions - 1974 Porsche 911 Turbo 3.0 (75895)_2.ol","Part Depth":"4","Part ID":"47","Part ID Path":"/0/0/47","Part Name":"30414-BLACK.PRT","Part Path":"Illustration/LEGO Speed Champions - 1974 Porsche 911 Turbo 3.0 (75895)/ASSY02.ASM/30414-BLACK.PRT"}},"/0/0/48":{"":{"Pro/E Layer Compatibility":"1"},"__PV_SystemProperties":{"Child Count":"0","Component Name":"32028-LTBLUISHGRAY.PRT","Display Name":"32028-LTBLUISHGRAY.PRT","Model Extents (mm)":"16","OL File Name":"l-Creo 3D_0_LEGO Speed Champions - 1974 Porsche 911 Turbo 3.0 (75895)_25.ol","Part Depth":"4","Part ID":"48","Part ID Path":"/0/0/48","Part Name":"32028-LTBLUISHGRAY.PRT","Part Path":"Illustration/LEGO Speed Champions - 1974 Porsche 911 Turbo 3.0 (75895)/ASSY02.ASM/32028-LTBLUISHGRAY.PRT"}},"/0/0/49":{"":{"Pro/E Layer Compatibility":"1"},"__PV_SystemProperties":{"Child Count":"0","Component Name":"6091-WHITE.PRT","Display Name":"6091-WHITE.PRT","Model Extents (mm)":"16","OL File Name":"l-Creo 3D_0_LEGO Speed Champions - 1974 Porsche 911 Turbo 3.0 (75895)_26.ol","Part Depth":"4","Part ID":"49","Part ID Path":"/0/0/49","Part Name":"6091-WHITE.PRT","Part Path":"Illustration/LEGO Speed Champions - 1974 Porsche 911 Turbo 3.0 (75895)/ASSY02.ASM/6091-WHITE.PRT"}},"/0/0/5":{"":{"Pro/E Layer Compatibility":"1"},"__PV_SystemProperties":{"Child Count":"0","Component Name":"17485-LTBLUISHGRAY.PRT","Display Name":"17485-LTBLUISHGRAY.PRT","Model Extents (mm)":"16","OL File Name":"l-Creo 3D_0_LEGO Speed Champions - 1974 Porsche 911 Turbo 3.0 (75895)_4.ol","Part Depth":"4","Part ID":"5","Part ID Path":"/0/0/5","Part Name":"17485-LTBLUISHGRAY.PRT","Part Path":"Illustration/LEGO Speed Champions - 1974 Porsche 911 Turbo 3.0 (75895)/ASSY02.ASM/17485-LTBLUISHGRAY.PRT"}},"/0/0/50":{"":{"Pro/E Layer Compatibility":"1"},"__PV_SystemProperties":{"Child Count":"0","Component Name":"6091-WHITE.PRT","Display Name":"6091-WHITE.PRT","Model Extents (mm)":"16","OL File Name":"l-Creo 3D_0_LEGO Speed Champions - 1974 Porsche 911 Turbo 3.0 (75895)_26.ol","Part Depth":"4","Part ID":"50","Part ID Path":"/0/0/50","Part Name":"6091-WHITE.PRT","Part Path":"Illustration/LEGO Speed Champions - 1974 Porsche 911 Turbo 3.0 (75895)/ASSY02.ASM/6091-WHITE.PRT"}},"/0/0/51":{"":{"Pro/E Layer Compatibility":"1"},"__PV_SystemProperties":{"Child Count":"0","Component Name":"92593-WHITE.PRT","Display Name":"92593-WHITE.PRT","Model Extents (mm)":"32","OL File Name":"l-Creo 3D_0_LEGO Speed Champions - 1974 Porsche 911 Turbo 3.0 (75895)_27.ol","Part Depth":"4","Part ID":"51","Part ID Path":"/0/0/51","Part Name":"92593-WHITE.PRT","Part Path":"Illustration/LEGO Speed Champions - 1974 Porsche 911 Turbo 3.0 (75895)/ASSY02.ASM/92593-WHITE.PRT"}},"/0/0/52":{"":{"Pro/E Layer Compatibility":"1"},"__PV_SystemProperties":{"Child Count":"0","Component Name":"3024-BLACK.PRT","Display Name":"3024-BLACK.PRT","Model Extents (mm)":"8","OL File Name":"l-Creo 3D_0_LEGO Speed Champions - 1974 Porsche 911 Turbo 3.0 (75895)_20.ol","Part Depth":"4","Part ID":"52","Part ID Path":"/0/0/52","Part Name":"3024-BLACK.PRT","Part Path":"Illustration/LEGO Speed Champions - 1974 Porsche 911 Turbo 3.0 (75895)/ASSY02.ASM/3024-BLACK.PRT"}},"/0/0/53":{"":{"Pro/E Layer Compatibility":"1"},"__PV_SystemProperties":{"Child Count":"0","Component Name":"3024-BLACK.PRT","Display Name":"3024-BLACK.PRT","Model Extents (mm)":"8","OL File Name":"l-Creo 3D_0_LEGO Speed Champions - 1974 Porsche 911 Turbo 3.0 (75895)_20.ol","Part Depth":"4","Part ID":"53","Part ID Path":"/0/0/53","Part Name":"3024-BLACK.PRT","Part Path":"Illustration/LEGO Speed Champions - 1974 Porsche 911 Turbo 3.0 (75895)/ASSY02.ASM/3024-BLACK.PRT"}},"/0/0/54":{"":{"Pro/E Layer Compatibility":"1"},"__PV_SystemProperties":{"Child Count":"0","Component Name":"15573-LTBLUISHGRAY.PRT","Display Name":"15573-LTBLUISHGRAY.PRT","Model Extents (mm)":"16","OL File Name":"l-Creo 3D_0_LEGO Speed Champions - 1974 Porsche 911 Turbo 3.0 (75895)_28.ol","Part Depth":"4","Part ID":"54","Part ID Path":"/0/0/54","Part Name":"15573-LTBLUISHGRAY.PRT","Part Path":"Illustration/LEGO Speed Champions - 1974 Porsche 911 Turbo 3.0 (75895)/ASSY02.ASM/15573-LTBLUISHGRAY.PRT"}},"/0/0/55":{"":{"Pro/E Layer Compatibility":"1"},"__PV_SystemProperties":{"Child Count":"0","Component Name":"32828-BLACK.PRT","Display Name":"32828-BLACK.PRT","Model Extents (mm)":"16","OL File Name":"l-Creo 3D_0_LEGO Speed Champions - 1974 Porsche 911 Turbo 3.0 (75895)_29.ol","Part Depth":"4","Part ID":"55","Part ID Path":"/0/0/55","Part Name":"32828-BLACK.PRT","Part Path":"Illustration/LEGO Speed Champions - 1974 Porsche 911 Turbo 3.0 (75895)/ASSY02.ASM/32828-BLACK.PRT"}},"/0/0/56":{"":{"Pro/E Layer Compatibility":"1"},"__PV_SystemProperties":{"Child Count":"0","Component Name":"25269-LTBLUISHGRAY.PRT","Display Name":"25269-LTBLUISHGRAY.PRT","Model Extents (mm)":"7.99937","OL File Name":"l-Creo 3D_0_LEGO Speed Champions - 1974 Porsche 911 Turbo 3.0 (75895)_30.ol","Part Depth":"4","Part ID":"56","Part ID Path":"/0/0/56","Part Name":"25269-LTBLUISHGRAY.PRT","Part Path":"Illustration/LEGO Speed Champions - 1974 Porsche 911 Turbo 3.0 (75895)/ASSY02.ASM/25269-LTBLUISHGRAY.PRT"}},"/0/0/57":{"":{"Pro/E Layer Compatibility":"1"},"__PV_SystemProperties":{"Child Count":"0","Component Name":"3024-BLACK.PRT","Display Name":"3024-BLACK.PRT","Model Extents (mm)":"8","OL File Name":"l-Creo 3D_0_LEGO Speed Champions - 1974 Porsche 911 Turbo 3.0 (75895)_20.ol","Part Depth":"4","Part ID":"57","Part ID Path":"/0/0/57","Part Name":"3024-BLACK.PRT","Part Path":"Illustration/LEGO Speed Champions - 1974 Porsche 911 Turbo 3.0 (75895)/ASSY02.ASM/3024-BLACK.PRT"}},"/0/0/58":{"":{"Pro/E Layer Compatibility":"1"},"__PV_SystemProperties":{"Child Count":"0","Component Name":"3024-BLACK.PRT","Display Name":"3024-BLACK.PRT","Model Extents (mm)":"8","OL File Name":"l-Creo 3D_0_LEGO Speed Champions - 1974 Porsche 911 Turbo 3.0 (75895)_20.ol","Part Depth":"4","Part ID":"58","Part ID Path":"/0/0/58","Part Name":"3024-BLACK.PRT","Part Path":"Illustration/LEGO Speed Champions - 1974 Porsche 911 Turbo 3.0 (75895)/ASSY02.ASM/3024-BLACK.PRT"}},"/0/0/59":{"":{"Pro/E Layer Compatibility":"1"},"__PV_SystemProperties":{"Child Count":"0","Component Name":"18980-WHITE.PRT","Display Name":"18980-WHITE.PRT","Model Extents (mm)":"47.9994","OL File Name":"l-Creo 3D_0_LEGO Speed Champions - 1974 Porsche 911 Turbo 3.0 (75895)_31.ol","Part Depth":"4","Part ID":"59","Part ID Path":"/0/0/59","Part Name":"18980-WHITE.PRT","Part Path":"Illustration/LEGO Speed Champions - 1974 Porsche 911 Turbo 3.0 (75895)/ASSY02.ASM/18980-WHITE.PRT"}},"/0/0/6":{"":{"Pro/E Layer Compatibility":"1"},"__PV_SystemProperties":{"Child Count":"0","Component Name":"3005-BLACK.PRT","Display Name":"3005-BLACK.PRT","Model Extents (mm)":"11.3","OL File Name":"l-Creo 3D_0_LEGO Speed Champions - 1974 Porsche 911 Turbo 3.0 (75895)_5.ol","Part Depth":"4","Part ID":"6","Part ID Path":"/0/0/6","Part Name":"3005-BLACK.PRT","Part Path":"Illustration/LEGO Speed Champions - 1974 Porsche 911 Turbo 3.0 (75895)/ASSY02.ASM/3005-BLACK.PRT"}},"/0/0/60":{"":{"Pro/E Layer Compatibility":"1"},"__PV_SystemProperties":{"Child Count":"0","Component Name":"18980-RED.PRT","Display Name":"18980-RED.PRT","Model Extents (mm)":"47.9994","OL File Name":"l-Creo 3D_0_LEGO Speed Champions - 1974 Porsche 911 Turbo 3.0 (75895)_32.ol","Part Depth":"4","Part ID":"60","Part ID Path":"/0/0/60","Part Name":"18980-RED.PRT","Part Path":"Illustration/LEGO Speed Champions - 1974 Porsche 911 Turbo 3.0 (75895)/ASSY02.ASM/18980-RED.PRT"}},"/0/0/61":{"":{"Pro/E Layer Compatibility":"1"},"__PV_SystemProperties":{"Child Count":"0","Component Name":"85984-WHITE.PRT","Display Name":"85984-WHITE.PRT","Model Extents (mm)":"16","OL File Name":"l-Creo 3D_0_LEGO Speed Champions - 1974 Porsche 911 Turbo 3.0 (75895)_33.ol","Part Depth":"4","Part ID":"61","Part ID Path":"/0/0/61","Part Name":"85984-WHITE.PRT","Part Path":"Illustration/LEGO Speed Champions - 1974 Porsche 911 Turbo 3.0 (75895)/ASSY02.ASM/85984-WHITE.PRT"}},"/0/0/62":{"":{"Pro/E Layer Compatibility":"1"},"__PV_SystemProperties":{"Child Count":"0","Component Name":"54200-WHITE.PRT","Display Name":"54200-WHITE.PRT","Model Extents (mm)":"8","OL File Name":"l-Creo 3D_0_LEGO Speed Champions - 1974 Porsche 911 Turbo 3.0 (75895)_34.ol","Part Depth":"4","Part ID":"62","Part ID Path":"/0/0/62","Part Name":"54200-WHITE.PRT","Part Path":"Illustration/LEGO Speed Champions - 1974 Porsche 911 Turbo 3.0 (75895)/ASSY02.ASM/54200-WHITE.PRT"}},"/0/0/63":{"":{"Pro/E Layer Compatibility":"1"},"__PV_SystemProperties":{"Child Count":"0","Component Name":"54200-WHITE.PRT","Display Name":"54200-WHITE.PRT","Model Extents (mm)":"8","OL File Name":"l-Creo 3D_0_LEGO Speed Champions - 1974 Porsche 911 Turbo 3.0 (75895)_34.ol","Part Depth":"4","Part ID":"63","Part ID Path":"/0/0/63","Part Name":"54200-WHITE.PRT","Part Path":"Illustration/LEGO Speed Champions - 1974 Porsche 911 Turbo 3.0 (75895)/ASSY02.ASM/54200-WHITE.PRT"}},"/0/0/64":{"":{"Pro/E Layer Compatibility":"1"},"__PV_SystemProperties":{"Child Count":"0","Component Name":"3020-WHITE.PRT","Display Name":"3020-WHITE.PRT","Model Extents (mm)":"32","OL File Name":"l-Creo 3D_0_LEGO Speed Champions - 1974 Porsche 911 Turbo 3.0 (75895)_14.ol","Part Depth":"4","Part ID":"64","Part ID Path":"/0/0/64","Part Name":"3020-WHITE.PRT","Part Path":"Illustration/LEGO Speed Champions - 1974 Porsche 911 Turbo 3.0 (75895)/ASSY02.ASM/3020-WHITE.PRT"}},"/0/0/65":{"":{"Pro/E Layer Compatibility":"1"},"__PV_SystemProperties":{"Child Count":"0","Component Name":"3023-WHITE.PRT","Display Name":"3023-WHITE.PRT","Model Extents (mm)":"16","OL File Name":"l-Creo 3D_0_LEGO Speed Champions - 1974 Porsche 911 Turbo 3.0 (75895)_18.ol","Part Depth":"4","Part ID":"65","Part ID Path":"/0/0/65","Part Name":"3023-WHITE.PRT","Part Path":"Illustration/LEGO Speed Champions - 1974 Porsche 911 Turbo 3.0 (75895)/ASSY02.ASM/3023-WHITE.PRT"}},"/0/0/66":{"":{"Pro/E Layer Compatibility":"1"},"__PV_SystemProperties":{"Child Count":"0","Component Name":"3023-WHITE.PRT","Display Name":"3023-WHITE.PRT","Model Extents (mm)":"16","OL File Name":"l-Creo 3D_0_LEGO Speed Champions - 1974 Porsche 911 Turbo 3.0 (75895)_18.ol","Part Depth":"4","Part ID":"66","Part ID Path":"/0/0/66","Part Name":"3023-WHITE.PRT","Part Path":"Illustration/LEGO Speed Champions - 1974 Porsche 911 Turbo 3.0 (75895)/ASSY02.ASM/3023-WHITE.PRT"}},"/0/0/67":{"":{"Pro/E Layer Compatibility":"1"},"__PV_SystemProperties":{"Child Count":"0","Component Name":"11477-WHITE.PRT","Display Name":"11477-WHITE.PRT","Model Extents (mm)":"16","OL File Name":"l-Creo 3D_0_LEGO Speed Champions - 1974 Porsche 911 Turbo 3.0 (75895)_35.ol","Part Depth":"4","Part ID":"67","Part ID Path":"/0/0/67","Part Name":"11477-WHITE.PRT","Part Path":"Illustration/LEGO Speed Champions - 1974 Porsche 911 Turbo 3.0 (75895)/ASSY02.ASM/11477-WHITE.PRT"}},"/0/0/68":{"":{"Pro/E Layer Compatibility":"1"},"__PV_SystemProperties":{"Child Count":"0","Component Name":"11477-WHITE.PRT","Display Name":"11477-WHITE.PRT","Model Extents (mm)":"16","OL File Name":"l-Creo 3D_0_LEGO Speed Champions - 1974 Porsche 911 Turbo 3.0 (75895)_35.ol","Part Depth":"4","Part ID":"68","Part ID Path":"/0/0/68","Part Name":"11477-WHITE.PRT","Part Path":"Illustration/LEGO Speed Champions - 1974 Porsche 911 Turbo 3.0 (75895)/ASSY02.ASM/11477-WHITE.PRT"}},"/0/0/69":{"":{"Pro/E Layer Compatibility":"1"},"__PV_SystemProperties":{"Child Count":"0","Component Name":"54200-WHITE.PRT","Display Name":"54200-WHITE.PRT","Model Extents (mm)":"8","OL File Name":"l-Creo 3D_0_LEGO Speed Champions - 1974 Porsche 911 Turbo 3.0 (75895)_34.ol","Part Depth":"4","Part ID":"69","Part ID Path":"/0/0/69","Part Name":"54200-WHITE.PRT","Part Path":"Illustration/LEGO Speed Champions - 1974 Porsche 911 Turbo 3.0 (75895)/ASSY02.ASM/54200-WHITE.PRT"}},"/0/0/7":{"":{"Pro/E Layer Compatibility":"1"},"__PV_SystemProperties":{"Child Count":"0","Component Name":"3005-BLACK.PRT","Display Name":"3005-BLACK.PRT","Model Extents (mm)":"11.3","OL File Name":"l-Creo 3D_0_LEGO Speed Champions - 1974 Porsche 911 Turbo 3.0 (75895)_5.ol","Part Depth":"4","Part ID":"7","Part ID Path":"/0/0/7","Part Name":"3005-BLACK.PRT","Part Path":"Illustration/LEGO Speed Champions - 1974 Porsche 911 Turbo 3.0 (75895)/ASSY02.ASM/3005-BLACK.PRT"}},"/0/0/70":{"":{"Pro/E Layer Compatibility":"1"},"__PV_SystemProperties":{"Child Count":"0","Component Name":"54200-WHITE.PRT","Display Name":"54200-WHITE.PRT","Model Extents (mm)":"8","OL File Name":"l-Creo 3D_0_LEGO Speed Champions - 1974 Porsche 911 Turbo 3.0 (75895)_34.ol","Part Depth":"4","Part ID":"70","Part ID Path":"/0/0/70","Part Name":"54200-WHITE.PRT","Part Path":"Illustration/LEGO Speed Champions - 1974 Porsche 911 Turbo 3.0 (75895)/ASSY02.ASM/54200-WHITE.PRT"}},"/0/0/71":{"":{"Pro/E Layer Compatibility":"1"},"__PV_SystemProperties":{"Child Count":"0","Component Name":"3031-WHITE.PRT","Display Name":"3031-WHITE.PRT","Model Extents (mm)":"32","OL File Name":"l-Creo 3D_0_LEGO Speed Champions - 1974 Porsche 911 Turbo 3.0 (75895)_36.ol","Part Depth":"4","Part ID":"71","Part ID Path":"/0/0/71","Part Name":"3031-WHITE.PRT","Part Path":"Illustration/LEGO Speed Champions - 1974 Porsche 911 Turbo 3.0 (75895)/ASSY02.ASM/3031-WHITE.PRT"}},"/0/0/72":{"":{"Pro/E Layer Compatibility":"1"},"__PV_SystemProperties":{"Child Count":"0","Component Name":"18974-WHITE.PRT","Display Name":"18974-WHITE.PRT","Model Extents (mm)":"32","OL File Name":"l-Creo 3D_0_LEGO Speed Champions - 1974 Porsche 911 Turbo 3.0 (75895)_9.ol","Part Depth":"4","Part ID":"72","Part ID Path":"/0/0/72","Part Name":"18974-WHITE.PRT","Part Path":"Illustration/LEGO Speed Champions - 1974 Porsche 911 Turbo 3.0 (75895)/ASSY02.ASM/18974-WHITE.PRT"}},"/0/0/73":{"":{"Pro/E Layer Compatibility":"1"},"__PV_SystemProperties":{"Child Count":"0","Component Name":"18974-WHITE.PRT","Display Name":"18974-WHITE.PRT","Model Extents (mm)":"32","OL File Name":"l-Creo 3D_0_LEGO Speed Champions - 1974 Porsche 911 Turbo 3.0 (75895)_9.ol","Part Depth":"4","Part ID":"73","Part ID Path":"/0/0/73","Part Name":"18974-WHITE.PRT","Part Path":"Illustration/LEGO Speed Champions - 1974 Porsche 911 Turbo 3.0 (75895)/ASSY02.ASM/18974-WHITE.PRT"}},"/0/0/74":{"":{"Pro/E Layer Compatibility":"1"},"__PV_SystemProperties":{"Child Count":"0","Component Name":"3001-WHITE.PRT","Display Name":"3001-WHITE.PRT","Model Extents (mm)":"32","OL File Name":"l-Creo 3D_0_LEGO Speed Champions - 1974 Porsche 911 Turbo 3.0 (75895)_37.ol","Part Depth":"4","Part ID":"74","Part ID Path":"/0/0/74","Part Name":"3001-WHITE.PRT","Part Path":"Illustration/LEGO Speed Champions - 1974 Porsche 911 Turbo 3.0 (75895)/ASSY02.ASM/3001-WHITE.PRT"}},"/0/0/75":{"":{"Pro/E Layer Compatibility":"1"},"__PV_SystemProperties":{"Child Count":"2","Component Name":"3829C01-BLACK.ASM","Display Name":"3829C01-BLACK.ASM","Model Extents (mm)":"18.8548","OL File Name":"","Part Depth":"4","Part ID":"75","Part ID Path":"/0/0/75","Part Name":"3829C01-BLACK.ASM","Part Path":"Illustration/LEGO Speed Champions - 1974 Porsche 911 Turbo 3.0 (75895)/ASSY02.ASM/3829C01-BLACK.ASM"}},"/0/0/75/0":{"":{"Pro/E Layer Compatibility":"1"},"__PV_SystemProperties":{"Child Count":"0","Component Name":"BASE.PRT","Display Name":"BASE.PRT","Model Extents (mm)":"16","OL File Name":"l-Creo 3D_0_LEGO Speed Champions - 1974 Porsche 911 Turbo 3.0 (75895)_38.ol","Part Depth":"5","Part ID":"0","Part ID Path":"/0/0/75/0","Part Name":"BASE.PRT","Part Path":"Illustration/LEGO Speed Champions - 1974 Porsche 911 Turbo 3.0 (75895)/ASSY02.ASM/3829C01-BLACK.ASM/BASE.PRT"}},"/0/0/75/1":{"":{"Pro/E Layer Compatibility":"1"},"__PV_SystemProperties":{"Child Count":"0","Component Name":"WHEEL.PRT","Display Name":"WHEEL.PRT","Model Extents (mm)":"11.2","OL File Name":"l-Creo 3D_0_LEGO Speed Champions - 1974 Porsche 911 Turbo 3.0 (75895)_39.ol","Part Depth":"5","Part ID":"1","Part ID Path":"/0/0/75/1","Part Name":"WHEEL.PRT","Part Path":"Illustration/LEGO Speed Champions - 1974 Porsche 911 Turbo 3.0 (75895)/ASSY02.ASM/3829C01-BLACK.ASM/WHEEL.PRT"}},"/0/0/76":{"":{"Pro/E Layer Compatibility":"1"},"__PV_SystemProperties":{"Child Count":"0","Component Name":"18980-BLACK.PRT","Display Name":"18980-BLACK.PRT","Model Extents (mm)":"47.9994","OL File Name":"l-Creo 3D_0_LEGO Speed Champions - 1974 Porsche 911 Turbo 3.0 (75895)_40.ol","Part Depth":"4","Part ID":"76","Part ID Path":"/0/0/76","Part Name":"18980-BLACK.PRT","Part Path":"Illustration/LEGO Speed Champions - 1974 Porsche 911 Turbo 3.0 (75895)/ASSY02.ASM/18980-BLACK.PRT"}},"/0/0/77":{"":{"Pro/E Layer Compatibility":"1"},"__PV_SystemProperties":{"Child Count":"0","Component Name":"4865B-BLACK.PRT","Display Name":"4865B-BLACK.PRT","Model Extents (mm)":"16","OL File Name":"l-Creo 3D_0_LEGO Speed Champions - 1974 Porsche 911 Turbo 3.0 (75895)_41.ol","Part Depth":"4","Part ID":"77","Part ID Path":"/0/0/77","Part Name":"4865B-BLACK.PRT","Part Path":"Illustration/LEGO Speed Champions - 1974 Porsche 911 Turbo 3.0 (75895)/ASSY02.ASM/4865B-BLACK.PRT"}},"/0/0/78":{"":{"Pro/E Layer Compatibility":"1"},"__PV_SystemProperties":{"Child Count":"0","Component Name":"32000-BLACK.PRT","Display Name":"32000-BLACK.PRT","Model Extents (mm)":"16","OL File Name":"l-Creo 3D_0_LEGO Speed Champions - 1974 Porsche 911 Turbo 3.0 (75895)_42.ol","Part Depth":"4","Part ID":"78","Part ID Path":"/0/0/78","Part Name":"32000-BLACK.PRT","Part Path":"Illustration/LEGO Speed Champions - 1974 Porsche 911 Turbo 3.0 (75895)/ASSY02.ASM/32000-BLACK.PRT"}},"/0/0/79":{"":{"Pro/E Layer Compatibility":"1"},"__PV_SystemProperties":{"Child Count":"0","Component Name":"32000-BLACK.PRT","Display Name":"32000-BLACK.PRT","Model Extents (mm)":"16","OL File Name":"l-Creo 3D_0_LEGO Speed Champions - 1974 Porsche 911 Turbo 3.0 (75895)_42.ol","Part Depth":"4","Part ID":"79","Part ID Path":"/0/0/79","Part Name":"32000-BLACK.PRT","Part Path":"Illustration/LEGO Speed Champions - 1974 Porsche 911 Turbo 3.0 (75895)/ASSY02.ASM/32000-BLACK.PRT"}},"/0/0/8":{"":{"Pro/E Layer Compatibility":"1"},"__PV_SystemProperties":{"Child Count":"0","Component Name":"3021-YELLOW.PRT","Display Name":"3021-YELLOW.PRT","Model Extents (mm)":"24","OL File Name":"l-Creo 3D_0_LEGO Speed Champions - 1974 Porsche 911 Turbo 3.0 (75895).ol","Part Depth":"4","Part ID":"8","Part ID Path":"/0/0/8","Part Name":"3021-YELLOW.PRT","Part Path":"Illustration/LEGO Speed Champions - 1974 Porsche 911 Turbo 3.0 (75895)/ASSY02.ASM/3021-YELLOW.PRT"}},"/0/0/80":{"":{"Pro/E Layer Compatibility":"1"},"__PV_SystemProperties":{"Child Count":"0","Component Name":"32000-BLACK.PRT","Display Name":"32000-BLACK.PRT","Model Extents (mm)":"16","OL File Name":"l-Creo 3D_0_LEGO Speed Champions - 1974 Porsche 911 Turbo 3.0 (75895)_42.ol","Part Depth":"4","Part ID":"80","Part ID Path":"/0/0/80","Part Name":"32000-BLACK.PRT","Part Path":"Illustration/LEGO Speed Champions - 1974 Porsche 911 Turbo 3.0 (75895)/ASSY02.ASM/32000-BLACK.PRT"}},"/0/0/81":{"":{"Pro/E Layer Compatibility":"1"},"__PV_SystemProperties":{"Child Count":"0","Component Name":"32000-BLACK.PRT","Display Name":"32000-BLACK.PRT","Model Extents (mm)":"16","OL File Name":"l-Creo 3D_0_LEGO Speed Champions - 1974 Porsche 911 Turbo 3.0 (75895)_42.ol","Part Depth":"4","Part ID":"81","Part ID Path":"/0/0/81","Part Name":"32000-BLACK.PRT","Part Path":"Illustration/LEGO Speed Champions - 1974 Porsche 911 Turbo 3.0 (75895)/ASSY02.ASM/32000-BLACK.PRT"}},"/0/0/82":{"":{"Pro/E Layer Compatibility":"1"},"__PV_SystemProperties":{"Child Count":"0","Component Name":"3710-BLACK.PRT","Display Name":"3710-BLACK.PRT","Model Extents (mm)":"32","OL File Name":"l-Creo 3D_0_LEGO Speed Champions - 1974 Porsche 911 Turbo 3.0 (75895)_24.ol","Part Depth":"4","Part ID":"82","Part ID Path":"/0/0/82","Part Name":"3710-BLACK.PRT","Part Path":"Illustration/LEGO Speed Champions - 1974 Porsche 911 Turbo 3.0 (75895)/ASSY02.ASM/3710-BLACK.PRT"}},"/0/0/83":{"":{"Pro/E Layer Compatibility":"1"},"__PV_SystemProperties":{"Child Count":"0","Component Name":"2420-BLUE.PRT","Display Name":"2420-BLUE.PRT","Model Extents (mm)":"16","OL File Name":"l-Creo 3D_0_LEGO Speed Champions - 1974 Porsche 911 Turbo 3.0 (75895)_13.ol","Part Depth":"4","Part ID":"83","Part ID Path":"/0/0/83","Part Name":"2420-BLUE.PRT","Part Path":"Illustration/LEGO Speed Champions - 1974 Porsche 911 Turbo 3.0 (75895)/ASSY02.ASM/2420-BLUE.PRT"}},"/0/0/84":{"":{"Pro/E Layer Compatibility":"1"},"__PV_SystemProperties":{"Child Count":"0","Component Name":"2420-BLUE.PRT","Display Name":"2420-BLUE.PRT","Model Extents (mm)":"16","OL File Name":"l-Creo 3D_0_LEGO Speed Champions - 1974 Porsche 911 Turbo 3.0 (75895)_13.ol","Part Depth":"4","Part ID":"84","Part ID Path":"/0/0/84","Part Name":"2420-BLUE.PRT","Part Path":"Illustration/LEGO Speed Champions - 1974 Porsche 911 Turbo 3.0 (75895)/ASSY02.ASM/2420-BLUE.PRT"}},"/0/0/85":{"":{"Pro/E Layer Compatibility":"1"},"__PV_SystemProperties":{"Child Count":"0","Component Name":"2420-BLUE.PRT","Display Name":"2420-BLUE.PRT","Model Extents (mm)":"16","OL File Name":"l-Creo 3D_0_LEGO Speed Champions - 1974 Porsche 911 Turbo 3.0 (75895)_13.ol","Part Depth":"4","Part ID":"85","Part ID Path":"/0/0/85","Part Name":"2420-BLUE.PRT","Part Path":"Illustration/LEGO Speed Champions - 1974 Porsche 911 Turbo 3.0 (75895)/ASSY02.ASM/2420-BLUE.PRT"}},"/0/0/86":{"":{"Pro/E Layer Compatibility":"1"},"__PV_SystemProperties":{"Child Count":"0","Component Name":"2420-BLUE.PRT","Display Name":"2420-BLUE.PRT","Model Extents (mm)":"16","OL File Name":"l-Creo 3D_0_LEGO Speed Champions - 1974 Porsche 911 Turbo 3.0 (75895)_13.ol","Part Depth":"4","Part ID":"86","Part ID Path":"/0/0/86","Part Name":"2420-BLUE.PRT","Part Path":"Illustration/LEGO Speed Champions - 1974 Porsche 911 Turbo 3.0 (75895)/ASSY02.ASM/2420-BLUE.PRT"}},"/0/0/87":{"":{"Pro/E Layer Compatibility":"1"},"__PV_SystemProperties":{"Child Count":"0","Component Name":"3023-TAN.PRT","Display Name":"3023-TAN.PRT","Model Extents (mm)":"16","OL File Name":"l-Creo 3D_0_LEGO Speed Champions - 1974 Porsche 911 Turbo 3.0 (75895)_8.ol","Part Depth":"4","Part ID":"87","Part ID Path":"/0/0/87","Part Name":"3023-TAN.PRT","Part Path":"Illustration/LEGO Speed Champions - 1974 Porsche 911 Turbo 3.0 (75895)/ASSY02.ASM/3023-TAN.PRT"}},"/0/0/88":{"":{"Pro/E Layer Compatibility":"1"},"__PV_SystemProperties":{"Child Count":"0","Component Name":"3022-RED.PRT","Display Name":"3022-RED.PRT","Model Extents (mm)":"16","OL File Name":"l-Creo 3D_0_LEGO Speed Champions - 1974 Porsche 911 Turbo 3.0 (75895)_6.ol","Part Depth":"4","Part ID":"88","Part ID Path":"/0/0/88","Part Name":"3022-RED.PRT","Part Path":"Illustration/LEGO Speed Champions - 1974 Porsche 911 Turbo 3.0 (75895)/ASSY02.ASM/3022-RED.PRT"}},"/0/0/89":{"":{"Pro/E Layer Compatibility":"1"},"__PV_SystemProperties":{"Child Count":"0","Component Name":"3069B-WHITE.PRT","Display Name":"3069B-WHITE.PRT","Model Extents (mm)":"16","OL File Name":"l-Creo 3D_0_LEGO Speed Champions - 1974 Porsche 911 Turbo 3.0 (75895)_43.ol","Part Depth":"4","Part ID":"89","Part ID Path":"/0/0/89","Part Name":"3069B-WHITE.PRT","Part Path":"Illustration/LEGO Speed Champions - 1974 Porsche 911 Turbo 3.0 (75895)/ASSY02.ASM/3069B-WHITE.PRT"}},"/0/0/9":{"":{"Pro/E Layer Compatibility":"1"},"__PV_SystemProperties":{"Child Count":"0","Component Name":"3022-RED.PRT","Display Name":"3022-RED.PRT","Model Extents (mm)":"16","OL File Name":"l-Creo 3D_0_LEGO Speed Champions - 1974 Porsche 911 Turbo 3.0 (75895)_6.ol","Part Depth":"4","Part ID":"9","Part ID Path":"/0/0/9","Part Name":"3022-RED.PRT","Part Path":"Illustration/LEGO Speed Champions - 1974 Porsche 911 Turbo 3.0 (75895)/ASSY02.ASM/3022-RED.PRT"}},"/0/0/90":{"":{"Pro/E Layer Compatibility":"1"},"__PV_SystemProperties":{"Child Count":"0","Component Name":"3023-WHITE.PRT","Display Name":"3023-WHITE.PRT","Model Extents (mm)":"16","OL File Name":"l-Creo 3D_0_LEGO Speed Champions - 1974 Porsche 911 Turbo 3.0 (75895)_18.ol","Part Depth":"4","Part ID":"90","Part ID Path":"/0/0/90","Part Name":"3023-WHITE.PRT","Part Path":"Illustration/LEGO Speed Champions - 1974 Porsche 911 Turbo 3.0 (75895)/ASSY02.ASM/3023-WHITE.PRT"}},"/0/0/91":{"":{"Pro/E Layer Compatibility":"1"},"__PV_SystemProperties":{"Child Count":"0","Component Name":"50950-WHITE.PRT","Display Name":"50950-WHITE.PRT","Model Extents (mm)":"24","OL File Name":"l-Creo 3D_0_LEGO Speed Champions - 1974 Porsche 911 Turbo 3.0 (75895)_44.ol","Part Depth":"4","Part ID":"91","Part ID Path":"/0/0/91","Part Name":"50950-WHITE.PRT","Part Path":"Illustration/LEGO Speed Champions - 1974 Porsche 911 Turbo 3.0 (75895)/ASSY02.ASM/50950-WHITE.PRT"}},"/0/0/92":{"":{"Pro/E Layer Compatibility":"1"},"__PV_SystemProperties":{"Child Count":"0","Component Name":"50950-WHITE.PRT","Display Name":"50950-WHITE.PRT","Model Extents (mm)":"24","OL File Name":"l-Creo 3D_0_LEGO Speed Champions - 1974 Porsche 911 Turbo 3.0 (75895)_44.ol","Part Depth":"4","Part ID":"92","Part ID Path":"/0/0/92","Part Name":"50950-WHITE.PRT","Part Path":"Illustration/LEGO Speed Champions - 1974 Porsche 911 Turbo 3.0 (75895)/ASSY02.ASM/50950-WHITE.PRT"}},"/0/0/93":{"":{"Pro/E Layer Compatibility":"1"},"__PV_SystemProperties":{"Child Count":"0","Component Name":"4070-BLACK.PRT","Display Name":"4070-BLACK.PRT","Model Extents (mm)":"11.3","OL File Name":"l-Creo 3D_0_LEGO Speed Champions - 1974 Porsche 911 Turbo 3.0 (75895)_45.ol","Part Depth":"4","Part ID":"93","Part ID Path":"/0/0/93","Part Name":"4070-BLACK.PRT","Part Path":"Illustration/LEGO Speed Champions - 1974 Porsche 911 Turbo 3.0 (75895)/ASSY02.ASM/4070-BLACK.PRT"}},"/0/0/94":{"":{"Pro/E Layer Compatibility":"1"},"__PV_SystemProperties":{"Child Count":"0","Component Name":"4070-BLACK.PRT","Display Name":"4070-BLACK.PRT","Model Extents (mm)":"11.3","OL File Name":"l-Creo 3D_0_LEGO Speed Champions - 1974 Porsche 911 Turbo 3.0 (75895)_45.ol","Part Depth":"4","Part ID":"94","Part ID Path":"/0/0/94","Part Name":"4070-BLACK.PRT","Part Path":"Illustration/LEGO Speed Champions - 1974 Porsche 911 Turbo 3.0 (75895)/ASSY02.ASM/4070-BLACK.PRT"}},"/0/0/95":{"":{"Pro/E Layer Compatibility":"1"},"__PV_SystemProperties":{"Child Count":"0","Component Name":"35480-BLACK.PRT","Display Name":"35480-BLACK.PRT","Model Extents (mm)":"16","OL File Name":"l-Creo 3D_0_LEGO Speed Champions - 1974 Porsche 911 Turbo 3.0 (75895)_46.ol","Part Depth":"4","Part ID":"95","Part ID Path":"/0/0/95","Part Name":"35480-BLACK.PRT","Part Path":"Illustration/LEGO Speed Champions - 1974 Porsche 911 Turbo 3.0 (75895)/ASSY02.ASM/35480-BLACK.PRT"}},"/0/0/96":{"":{"Pro/E Layer Compatibility":"1"},"__PV_SystemProperties":{"Child Count":"0","Component Name":"4070-BLACK.PRT","Display Name":"4070-BLACK.PRT","Model Extents (mm)":"11.3","OL File Name":"l-Creo 3D_0_LEGO Speed Champions - 1974 Porsche 911 Turbo 3.0 (75895)_45.ol","Part Depth":"4","Part ID":"96","Part ID Path":"/0/0/96","Part Name":"4070-BLACK.PRT","Part Path":"Illustration/LEGO Speed Champions - 1974 Porsche 911 Turbo 3.0 (75895)/ASSY02.ASM/4070-BLACK.PRT"}},"/0/0/97":{"":{"Pro/E Layer Compatibility":"1"},"__PV_SystemProperties":{"Child Count":"0","Component Name":"4070-BLACK.PRT","Display Name":"4070-BLACK.PRT","Model Extents (mm)":"11.3","OL File Name":"l-Creo 3D_0_LEGO Speed Champions - 1974 Porsche 911 Turbo 3.0 (75895)_45.ol","Part Depth":"4","Part ID":"97","Part ID Path":"/0/0/97","Part Name":"4070-BLACK.PRT","Part Path":"Illustration/LEGO Speed Champions - 1974 Porsche 911 Turbo 3.0 (75895)/ASSY02.ASM/4070-BLACK.PRT"}},"/0/0/98":{"":{"Pro/E Layer Compatibility":"1"},"__PV_SystemProperties":{"Child Count":"0","Component Name":"35480-BLACK.PRT","Display Name":"35480-BLACK.PRT","Model Extents (mm)":"16","OL File Name":"l-Creo 3D_0_LEGO Speed Champions - 1974 Porsche 911 Turbo 3.0 (75895)_46.ol","Part Depth":"4","Part ID":"98","Part ID Path":"/0/0/98","Part Name":"35480-BLACK.PRT","Part Path":"Illustration/LEGO Speed Champions - 1974 Porsche 911 Turbo 3.0 (75895)/ASSY02.ASM/35480-BLACK.PRT"}},"/0/0/99":{"":{"Pro/E Layer Compatibility":"1"},"__PV_SystemProperties":{"Child Count":"0","Component Name":"93606-WHITE.PRT","Display Name":"93606-WHITE.PRT","Model Extents (mm)":"32","OL File Name":"l-Creo 3D_0_LEGO Speed Champions - 1974 Porsche 911 Turbo 3.0 (75895)_47.ol","Part Depth":"4","Part ID":"99","Part ID Path":"/0/0/99","Part Name":"93606-WHITE.PRT","Part Path":"Illustration/LEGO Speed Champions - 1974 Porsche 911 Turbo 3.0 (75895)/ASSY02.ASM/93606-WHITE.PRT"}}}
