{
  "name": "COE_Photo_Markup-rev6-8-15-2024",
  "projectType": "AR",
  "viewType": "ar",
  "fileName": "COE_Photo_Markup-rev6-8-15-2024",
  "thingworxServer": "http://pp-2309291349ae.portal.ptc.io",
  "viewTemplateFileName": "home-ar.json",
  "state": {
    "orientation": "landscape"
  },
  "targets": {
    "phone": {
      "components": [
        {
          "name": "Home",
          "fileName": "Home",
          "showInMainMenu": true,
          "viewType": "ar",
          "title": "Home"
        }
      ],
      "images": []
    },
    "shared": {
      "components": [
        {
          "name": "Data",
          "fileName": "Data"
        }
      ],
      "images": [],
      "fragments": [],
      "styles": [
        {
          "name": "App",
          "fileName": "App",
          "fileExt": "scss"
        }
      ]
    }
  },
  "device": {
    "name": "ipad_pro",
    "width": "1366",
    "height": "1024"
  },
  "mainNavigationMenuStyle": "leftSideMenu",
  "resourceDirectory": "src/phone/resources",
  "resourceRuntimeDir": "app/resources",
  "fontRuntimeDir": "../fonts",
  "fontDesigntimeDir": "../dist/fonts",
  "theme": "twx-light",
  "version": "9.21.3.0",
  "thumbnail": "Uploaded/2023-03-16_08-45-30.jpg",
  "initializingFrom": "save-as"
}