{
  "name": "COE_Photo_Markup-rev6-8-15-2024",
  "version": "1.0.0",
  "requires": [
    "w320dp",
    "spatial-tracking"
  ],
  "experiences": [
    {
      "vumark": "",
      "experienceType": "none",
      "id": 1,
      "index-keys": [],
      "title": {
        "en": "COE_Photo_THX"
      },
      "description": {
        "en": "",
        "en-US": ""
      },
      "requires": [
        "AR-tracking"
      ],
      "tags": [],
      "icon": "",
      "viewName": "Home",
      "url-template": "index.html?expId=1",
      "entryPoint": "index.html?expId=1",
      "thumbnail": "public/Uploaded/2023-03-16_08-45-30.jpg",
      "thingTemplateName": ""
    }
  ],
  "widgetsUsage": [
    {
      "timestamp": "2023-03-14T13:50:48.324Z",
      "action": "PUBLISH",
      "usage": {
        "twx-view": 1,
        "twx-dt-view": 1,
        "txw-markupcoe": 1,
        "twx-dt-picture": 1,
        "twx-dt-model": 1,
        "twx-dt-target-spatial": 1,
        "twx-overlay": 1,
        "twx-overlay-container": 5,
        "twx-gridlayout": 2,
        "twx-row": 2,
        "twx-col": 8,
        "twx-button": 1,
        "twx-overlay-body": 1,
        "twx-image2": 6,
        "twx-popup": 1,
        "twx-data-grid": 1,
        "twx-data-grid-col": 1,
        "twx-label": 1
      }
    },
    {
      "timestamp": "2023-03-15T23:50:10.550Z",
      "action": "PUBLISH",
      "usage": {
        "twx-view": 1,
        "twx-dt-view": 1,
        "txw-markupcoe": 1,
        "twx-dt-picture": 1,
        "twx-dt-model": 1,
        "twx-dt-target-spatial": 1,
        "twx-overlay": 1,
        "twx-overlay-container": 5,
        "twx-gridlayout": 5,
        "twx-row": 24,
        "twx-col": 29,
        "twx-button": 6,
        "twx-overlay-body": 1,
        "twx-label": 8,
        "twx-image2": 10,
        "twx-popup": 3,
        "twx-textarea": 2,
        "twx-data-grid": 3,
        "twx-data-grid-col": 4
      }
    },
    {
      "timestamp": "2023-03-16T00:03:58.834Z",
      "action": "PUBLISH",
      "usage": {
        "twx-view": 1,
        "twx-dt-view": 1,
        "txw-markupcoe": 1,
        "twx-dt-picture": 1,
        "twx-dt-model": 1,
        "twx-dt-target-spatial": 1,
        "twx-overlay": 1,
        "twx-overlay-container": 5,
        "twx-gridlayout": 5,
        "twx-row": 24,
        "twx-col": 29,
        "twx-button": 6,
        "twx-overlay-body": 1,
        "twx-label": 8,
        "twx-image2": 10,
        "twx-popup": 3,
        "twx-textarea": 2,
        "twx-data-grid": 3,
        "twx-data-grid-col": 4
      }
    },
    {
      "timestamp": "2023-03-16T00:12:51.115Z",
      "action": "PUBLISH",
      "usage": {
        "twx-view": 1,
        "twx-dt-view": 1,
        "txw-markupcoe": 1,
        "twx-dt-picture": 1,
        "twx-dt-model": 1,
        "twx-dt-target-spatial": 1,
        "twx-overlay": 1,
        "twx-overlay-container": 5,
        "twx-gridlayout": 5,
        "twx-row": 24,
        "twx-col": 30,
        "twx-button": 6,
        "twx-checkbox": 1,
        "twx-overlay-body": 1,
        "twx-label": 8,
        "twx-image2": 10,
        "twx-popup": 3,
        "twx-textarea": 2,
        "twx-data-grid": 3,
        "twx-data-grid-col": 4
      }
    },
    {
      "timestamp": "2023-03-16T00:14:25.026Z",
      "action": "PUBLISH",
      "usage": {
        "twx-view": 1,
        "twx-dt-view": 1,
        "txw-markupcoe": 1,
        "twx-dt-picture": 1,
        "twx-dt-model": 1,
        "twx-dt-target-spatial": 1,
        "twx-overlay": 1,
        "twx-overlay-container": 5,
        "twx-gridlayout": 5,
        "twx-row": 24,
        "twx-col": 29,
        "twx-button": 6,
        "twx-checkbox": 1,
        "twx-overlay-body": 1,
        "twx-label": 8,
        "twx-image2": 10,
        "twx-popup": 3,
        "twx-textarea": 2,
        "twx-data-grid": 3,
        "twx-data-grid-col": 4
      }
    },
    {
      "timestamp": "2023-03-16T00:20:48.311Z",
      "action": "PUBLISH",
      "usage": {
        "twx-view": 1,
        "twx-dt-view": 1,
        "txw-markupcoe": 1,
        "twx-dt-picture": 1,
        "twx-dt-model": 1,
        "twx-dt-target-spatial": 1,
        "twx-overlay": 1,
        "twx-overlay-container": 5,
        "twx-gridlayout": 5,
        "twx-row": 24,
        "twx-col": 28,
        "twx-button": 6,
        "twx-checkbox": 1,
        "twx-overlay-body": 1,
        "twx-label": 8,
        "twx-image2": 10,
        "twx-popup": 3,
        "twx-textarea": 2,
        "twx-data-grid": 3,
        "twx-data-grid-col": 4
      }
    },
    {
      "timestamp": "2024-04-18T23:15:43.088Z",
      "action": "PUBLISH",
      "usage": {
        "twx-view": 1,
        "twx-dt-view": 1,
        "txw-markupcoe": 1,
        "twx-dt-picture": 1,
        "twx-dt-model": 1,
        "twx-dt-target-spatial": 1,
        "twx-overlay": 1,
        "twx-overlay-container": 5,
        "twx-gridlayout": 5,
        "twx-row": 24,
        "twx-col": 28,
        "twx-button": 6,
        "twx-checkbox": 1,
        "twx-overlay-body": 1,
        "twx-label": 8,
        "twx-image2": 10,
        "twx-popup": 3,
        "twx-textarea": 2,
        "twx-data-grid": 3,
        "twx-data-grid-col": 4
      }
    },
    {
      "timestamp": "2024-08-15T20:25:50.503Z",
      "action": "LATEST_SAVE",
      "usage": {
        "twx-view": 1,
        "twx-dt-view": 1,
        "twx-dt-picture": 1,
        "twx-dt-model": 1,
        "twx-dt-target-spatial": 1,
        "wdg-markupcoe": 1,
        "twx-overlay": 1,
        "twx-overlay-container": 5,
        "twx-gridlayout": 5,
        "twx-row": 24,
        "twx-col": 28,
        "twx-checkbox": 1,
        "twx-button": 5,
        "twx-overlay-body": 1,
        "twx-label": 8,
        "twx-image2": 10,
        "twx-popup": 3,
        "twx-textarea": 2,
        "twx-data-grid": 3,
        "twx-data-grid-col": 4
      }
    }
  ],
  "accessType": "private",
  "designedfor": [],
  "resources": [
    "app-runtime.js",
    "appConfig.json",
    "index-desktop.html",
    "index.html",
    "vumark.dat",
    "vumark.xml",
    "app/app.js",
    "css/app-preview.css",
    "css/app-runtime-base.css",
    "css/app-theme.css",
    "css/app.css",
    "css/ionic-dark.css",
    "css/ionic.css",
    "css/ionic.min.css",
    "css/system-widget-extensions.css",
    "css/themePreviewBase.css",
    "extensions/bundle-es6.min.js",
    "extensions/linq.js",
    "extensions/Metadata.js",
    "extensions/Structure.js",
    "extensions/twx-runtime-resource.js",
    "fonts/glyphicons-halflings-regular.eot",
    "fonts/glyphicons-halflings-regular.svg",
    "fonts/glyphicons-halflings-regular.ttf",
    "fonts/glyphicons-halflings-regular.woff",
    "fonts/glyphicons-halflings-regular.woff2",
    "fonts/ionicons.eot",
    "fonts/ionicons.svg",
    "fonts/ionicons.ttf",
    "fonts/ionicons.woff",
    "img/close_bracket.png",
    "img/iconClose.svg",
    "img/open_bracket.png",
    "img/recognised.png",
    "img/recognised2.png",
    "img/recognisedSquare.png",
    "img/wayfinder_arrow.png",
    "img/wayfinder_center.png",
    "img/wayfinder_circle.png",
    "img/wayfinder_frame.png",
    "img/wayfinder_icon.png",
    "img/waypoint_placeholder.svg",
    "lib/http-auth-interceptor.js",
    "lib/twx-client-core-all.js",
    "lib/twx-connector.js",
    "lib/uuid.js",
    "WEB-INF/metadata.json",
    "_builder/app.js.template",
    "_builder/directive.js.template",
    "_builder/index-bootstrap.html.template",
    "_builder/index_sidemenu_nav.html.template",
    "app/components/Home.html",
    "app/components/Home.js",
    "app/components/Home.json",
    "extensions/images/Markup_arrow.png",
    "extensions/images/Markup_arrowSelected.png",
    "extensions/images/Markup_blackspot.png",
    "extensions/images/Markup_blackspotSelected.png",
    "extensions/images/Markup_bluespot.png",
    "extensions/images/Markup_bluespotSelected.png",
    "extensions/images/Markup_cancel.png",
    "extensions/images/Markup_marker.png",
    "extensions/images/Markup_markerSelected.png",
    "extensions/images/Markup_redspot.png",
    "extensions/images/Markup_redspotSelected.png",
    "extensions/images/Markup_reset.png",
    "extensions/images/Markup_save.png",
    "extensions/images/Markup_yellowspot.png",
    "extensions/images/Markup_yellowspotSelected.png",
    "extensions/js/animation.js",
    "extensions/js/ARPlayerAnimationAdapter.js",
    "extensions/js/ARScene.js",
    "extensions/js/cameraUtils.js",
    "extensions/js/common-html-widgets-ng.js",
    "extensions/js/cssparser.js",
    "extensions/js/effectShaderCollection.js",
    "extensions/js/effectUtils.js",
    "extensions/js/libthingview_wasm.js",
    "extensions/js/Markup.js",
    "extensions/js/markupCOE-ng.js",
    "extensions/js/sequence.js",
    "extensions/js/thingview.js",
    "extensions/js/three.min.js",
    "extensions/js/Tween.js",
    "extensions/js/twx-mobile-widgets-3d-ng.js",
    "extensions/js/twxPictureService.js",
    "extensions/js/vuforia-angular.js",
    "extensions/js/widget3dUtils.js",
    "lib/cdn/ionic.bundle.min.js",
    "lib/cdn/lodash.min.js",
    "lib/cdn/ng-cordova.min.js",
    "lib/ionic/version.json",
    "public/Uploaded/2023-03-16_08-45-30.jpg",
    "app/resources/Default/square.png",
    "app/resources/Default/thing_code.png",
    "app/resources/Default/thing_code_alpha_mask.png",
    "app/resources/Default/thing_code_phantom.png",
    "app/resources/Default/twLogo.png",
    "app/resources/Default/vu_alert1.svg",
    "app/resources/Default/vu_alert2.svg",
    "app/resources/Default/vu_alert3.svg",
    "app/resources/Default/vu_bar-graph.svg",
    "app/resources/Default/vu_battery-car.svg",
    "app/resources/Default/vu_battery.svg",
    "app/resources/Default/vu_brake-fluid.svg",
    "app/resources/Default/vu_electrical-bolt.svg",
    "app/resources/Default/vu_flag.svg",
    "app/resources/Default/vu_flame.svg",
    "app/resources/Default/vu_fuel-pump.svg",
    "app/resources/Default/vu_gauge1.svg",
    "app/resources/Default/vu_gauge2.svg",
    "app/resources/Default/vu_gauge3.svg",
    "app/resources/Default/vu_gauge4.svg",
    "app/resources/Default/vu_gauge5.svg",
    "app/resources/Default/vu_gauge6.svg",
    "app/resources/Default/vu_info.svg",
    "app/resources/Default/vu_lightbulb.svg",
    "app/resources/Default/vu_oil.svg",
    "app/resources/Default/vu_on-off.svg",
    "app/resources/Default/vu_seq_next.svg",
    "app/resources/Default/vu_seq_pause.svg",
    "app/resources/Default/vu_seq_play.svg",
    "app/resources/Default/vu_seq_previous.svg",
    "app/resources/Default/vu_seq_reset.svg",
    "app/resources/Default/vu_seq_stop.svg",
    "app/resources/Default/vu_sinewave.svg",
    "app/resources/Default/vu_stopwatch.svg",
    "app/resources/Default/vu_thermometer.svg",
    "app/resources/Default/vu_water.svg",
    "app/resources/Default/vu_weightscale.svg",
    "app/resources/Default/vu_wifi.svg",
    "app/resources/Uploaded/2023-03-16_08-45-30.jpg",
    "app/resources/Uploaded/EnderMain.pvz",
    "app/shared/components/Data.html",
    "app/shared/components/Data.json",
    "app/shared/components/Device.html",
    "app/shared/components/Device.json",
    "app/shared/components/metadata.json",
    "extensions/js/cursors/orbit.cur",
    "extensions/js/cursors/pan.cur",
    "extensions/js/cursors/spin.cur",
    "extensions/js/cursors/zoom.cur",
    "lib/ionic/fonts/ionicons.eot",
    "lib/ionic/fonts/ionicons.svg",
    "lib/ionic/fonts/ionicons.ttf",
    "lib/ionic/fonts/ionicons.woff",
    "lib/ionic/scss/ionic.scss",
    "lib/ionic/scss/make-theme.scss",
    "lib/ionic/scss/_action-sheet.scss",
    "lib/ionic/scss/_animations.scss",
    "lib/ionic/scss/_backdrop.scss",
    "lib/ionic/scss/_badge.scss",
    "lib/ionic/scss/_bar.scss",
    "lib/ionic/scss/_button-bar.scss",
    "lib/ionic/scss/_button.scss",
    "lib/ionic/scss/_checkbox.scss",
    "lib/ionic/scss/_form.scss",
    "lib/ionic/scss/_grid.scss",
    "lib/ionic/scss/_items.scss",
    "lib/ionic/scss/_list.scss",
    "lib/ionic/scss/_loading.scss",
    "lib/ionic/scss/_menu.scss",
    "lib/ionic/scss/_mixins.scss",
    "lib/ionic/scss/_modal.scss",
    "lib/ionic/scss/_platform.scss",
    "lib/ionic/scss/_popover.scss",
    "lib/ionic/scss/_popup.scss",
    "lib/ionic/scss/_progress.scss",
    "lib/ionic/scss/_radio.scss",
    "lib/ionic/scss/_range.scss",
    "lib/ionic/scss/_refresher.scss",
    "lib/ionic/scss/_reset.scss",
    "lib/ionic/scss/_scaffolding.scss",
    "lib/ionic/scss/_select.scss",
    "lib/ionic/scss/_slide-box.scss",
    "lib/ionic/scss/_slides.scss",
    "lib/ionic/scss/_spinner.scss",
    "lib/ionic/scss/_tabs.scss",
    "lib/ionic/scss/_toggle.scss",
    "lib/ionic/scss/_transitions.scss",
    "lib/ionic/scss/_type.scss",
    "lib/ionic/scss/_util.scss",
    "lib/ionic/scss/_variables.scss",
    "app/resources/Uploaded/EnderMain/l-Creo 3D - Main.pvi",
    "lib/ionic/scss/ionicons/ionicons.scss",
    "lib/ionic/scss/ionicons/_ionicons-font.scss",
    "lib/ionic/scss/ionicons/_ionicons-icons.scss",
    "lib/ionic/scss/ionicons/_ionicons-variables.scss"
  ]
}
