{
  "name": "",
  "version": "1.0.0",
  "requires": [
    "w320dp",
    "spatial-tracking"
  ],
  "experiences": [
    {
      "vumark": "",
      "experienceType": "none",
      "id": 1,
      "index-keys": [],
      "title": {
        "en": "COE_Markup_WdgExt"
      },
      "description": {
        "en": "",
        "en-US": ""
      },
      "requires": [
        "AR-tracking"
      ],
      "tags": [],
      "icon": "",
      "viewName": "Home",
      "url-template": "index.html?expId=1",
      "entryPoint": "index.html?expId=1",
      "thumbnail": "",
      "thingTemplateName": ""
    }
  ],
  "widgetsUsage": [
    {
      "timestamp": "2023-01-26T15:37:32.161Z",
      "action": "PUBLISH",
      "usage": {
        "twx-view": 1,
        "twx-dt-view": 1,
        "twx-dt-target-spatial": 1,
        "twx-dt-model": 1,
        "txw-markupcoe": 1,
        "twx-overlay": 1,
        "twx-dt-picture": 1,
        "twx-overlay-container": 5,
        "twx-button": 1,
        "twx-overlay-body": 1,
        "twx-image2": 1,
        "twx-popup": 3,
        "twx-label": 3,
        "twx-textarea": 1
      }
    },
    {
      "timestamp": "2023-01-26T21:35:17.162Z",
      "action": "PUBLISH",
      "usage": {
        "twx-view": 1,
        "twx-dt-view": 1,
        "twx-dt-target-spatial": 1,
        "twx-dt-model": 1,
        "txw-markupcoe": 1,
        "twx-overlay": 1,
        "twx-dt-picture": 1,
        "twx-overlay-container": 5,
        "twx-button": 1,
        "twx-overlay-body": 1,
        "twx-image2": 1,
        "twx-popup": 3,
        "twx-label": 3,
        "twx-textarea": 1
      }
    },
    {
      "timestamp": "2023-01-26T22:48:03.547Z",
      "action": "PUBLISH",
      "usage": {
        "twx-view": 1,
        "twx-dt-view": 1,
        "twx-dt-target-spatial": 1,
        "twx-dt-model": 1,
        "txw-markupcoe": 1,
        "twx-overlay": 1,
        "twx-dt-picture": 1,
        "twx-overlay-container": 5,
        "twx-button": 1,
        "twx-overlay-body": 1,
        "twx-image2": 1,
        "twx-popup": 3,
        "twx-label": 3,
        "twx-textarea": 1
      }
    },
    {
      "timestamp": "2023-01-27T00:14:50.772Z",
      "action": "PUBLISH",
      "usage": {
        "twx-view": 1,
        "twx-dt-view": 1,
        "twx-dt-target-spatial": 1,
        "twx-dt-model": 1,
        "txw-markupcoe": 1,
        "twx-overlay": 1,
        "twx-dt-picture": 1,
        "twx-overlay-container": 5,
        "twx-button": 1,
        "twx-overlay-body": 1,
        "twx-image2": 1,
        "twx-popup": 3,
        "twx-label": 3,
        "twx-textarea": 1
      }
    },
    {
      "timestamp": "2023-01-27T14:04:55.038Z",
      "action": "PUBLISH",
      "usage": {
        "twx-view": 1,
        "twx-dt-view": 1,
        "twx-dt-target-spatial": 1,
        "twx-dt-model": 1,
        "txw-markupcoe": 1,
        "twx-overlay": 1,
        "twx-dt-picture": 1,
        "twx-overlay-container": 5,
        "twx-button": 1,
        "twx-overlay-body": 1,
        "twx-image2": 1,
        "twx-popup": 3,
        "twx-label": 3,
        "twx-textarea": 1
      }
    },
    {
      "timestamp": "2023-01-27T15:46:21.058Z",
      "action": "LATEST_SAVE",
      "usage": {
        "twx-view": 1,
        "twx-dt-view": 1,
        "twx-dt-target-spatial": 1,
        "twx-dt-model": 1,
        "txw-markupcoe": 1,
        "twx-overlay": 1,
        "twx-dt-picture": 1,
        "twx-overlay-container": 5,
        "twx-gridlayout": 1,
        "twx-row": 1,
        "twx-col": 5,
        "twx-button": 2,
        "twx-checkbox": 1,
        "twx-overlay-body": 1,
        "twx-image2": 1,
        "twx-popup": 3,
        "twx-label": 3,
        "twx-textarea": 1
      }
    }
  ],
  "accessType": "private",
  "designedfor": []
}
