{
  "name": "",
  "version": "1.0.0",
  "requires": [
    "w320dp",
    "spatial-tracking"
  ],
  "experiences": [
    {
      "vumark": "",
      "experienceType": "vumark",
      "id": 1,
      "index-keys": [],
      "title": {
        "en": "COE_Markup_WdgExt"
      },
      "description": {
        "en": "",
        "en-US": ""
      },
      "requires": [
        "AR-tracking"
      ],
      "tags": [],
      "icon": "",
      "viewName": "Home",
      "url-template": "index.html?expId=1",
      "entryPoint": "index.html?expId=1",
      "thumbnail": ""
    }
  ],
  "widgetsUsage": [
    {
      "timestamp": "2023-01-26T15:00:50.401Z",
      "action": "LATEST_SAVE",
      "usage": {
        "twx-view": 1,
        "twx-dt-view": 1,
        "twx-dt-target-spatial": 1,
        "twx-dt-model": 1,
        "txw-markupcoe": 1,
        "twx-overlay": 1,
        "twx-dt-picture": 1,
        "twx-overlay-container": 5,
        "twx-button": 1,
        "twx-overlay-body": 1,
        "twx-image2": 1,
        "twx-popup": 3,
        "twx-label": 3,
        "twx-textarea": 1
      }
    }
  ],
  "accessType": "private",
  "designedfor": []
}
