{
  "attributes": {
    "twx-widget": "",
    "widget-id": "view-1",
    "widget-name": "view-1",
    "is-widget-container": "true",
    "viewtype": "ar"
  },
  "children": [
    {
      "name": "twx-container-content",
      "children": [
        {
          "attributes": {
            "twx-widget": "",
            "widget-id": "3DContainer-1",
            "widget-name": "3D Container",
            "is-widget-container": "true",
            "dropshadow": "true"
          },
          "name": "twx-dt-view",
          "children": [
            {
              "name": "twx-container-content",
              "children": [
                {
                  "attributes": {
                    "twx-widget": "",
                    "widget-id": "spatialTarget-1",
                    "widget-name": "spatialTarget-1",
                    "x": "0.0332",
                    "y": "0.0000",
                    "z": "0.0000",
                    "rx": "-90.00",
                    "ry": "0.00",
                    "rz": "0.00"
                  },
                  "name": "twx-dt-target-spatial"
                },
                {
                  "attributes": {
                    "twx-widget": "",
                    "widget-id": "model-1",
                    "widget-name": "model-1",
                    "is-widget-container": "true",
                    "src": "Uploaded/LegoCAD.pvz",
                    "x": "0.043299997225403786",
                    "y": "0.003200000151991844",
                    "z": "-0.02877087891101837"
                  },
                  "name": "twx-dt-model",
                  "children": [
                    {
                      "name": "twx-container-content"
                    }
                  ]
                },
                {
                  "attributes": {
                    "twx-widget": "",
                    "widget-id": "markupCoe-2",
                    "widget-name": "markupCoe-2"
                  },
                  "name": "txw-markupcoe",
                  "children": [
                    {
                      "attributes": {
                        "databind-id": "db-1668190867745",
                        "source-type": "ui",
                        "source-label": "Camera",
                        "source-name": "camera-1",
                        "source-item-type": "property",
                        "source-item-name": "imageUrl",
                        "binding-type": "widget_property",
                        "from-expression": "app.view['Home'].wdg['camera-1']['imageUrl']",
                        "to-property": "markup"
                      },
                      "name": "twx-databind"
                    },
                    {
                      "attributes": {
                        "eventbind-id": "eb-1674744659509",
                        "source-type": "widget",
                        "source-label": "Markup COE",
                        "source-name": "markupCoe-2",
                        "source-event": "markStart",
                        "handler-type": "ui",
                        "handler-name": "popupStarted",
                        "handler-service": "showpopup",
                        "handler-path": "app.view[\"Home\"].wdg[\"popupStarted\"].svc.showpopup"
                      },
                      "name": "twx-eventbind"
                    },
                    {
                      "attributes": {
                        "eventbind-id": "eb-1674744812358",
                        "source-type": "widget",
                        "source-label": "Markup COE",
                        "source-name": "markupCoe-2",
                        "source-event": "markCompleted",
                        "handler-type": "ui",
                        "handler-name": "popupCompleted",
                        "handler-service": "showpopup",
                        "handler-path": "app.view[\"Home\"].wdg[\"popupCompleted\"].svc.showpopup"
                      },
                      "name": "twx-eventbind"
                    },
                    {
                      "attributes": {
                        "eventbind-id": "eb-1674744821788",
                        "source-type": "widget",
                        "source-label": "Markup COE",
                        "source-name": "markupCoe-2",
                        "source-event": "markCancelled",
                        "handler-type": "ui",
                        "handler-name": "popupStopped",
                        "handler-service": "showpopup",
                        "handler-path": "app.view[\"Home\"].wdg[\"popupStopped\"].svc.showpopup"
                      },
                      "name": "twx-eventbind"
                    }
                  ]
                }
              ]
            }
          ]
        },
        {
          "attributes": {
            "twx-widget": "",
            "widget-id": "2DOverlay-1",
            "widget-name": "2D Overlay",
            "is-widget-container": "true"
          },
          "name": "twx-overlay",
          "children": [
            {
              "name": "twx-container-content",
              "children": [
                {
                  "attributes": {
                    "twx-widget": "",
                    "widget-id": "camera-1",
                    "is-augmentations-hidden": "false",
                    "widget-name": "camera-1"
                  },
                  "name": "twx-dt-picture",
                  "children": [
                    {
                      "attributes": {
                        "eventbind-id": "eb-1668190749891",
                        "source-type": "widget",
                        "source-label": "Camera",
                        "source-name": "camera-1",
                        "source-event": "pictureTaken",
                        "handler-type": "ui",
                        "handler-name": "markupCoe-2",
                        "handler-service": "start",
                        "handler-path": "app.view[\"Home\"].wdg[\"markupCoe-2\"].svc.start"
                      },
                      "name": "twx-eventbind"
                    }
                  ]
                },
                {
                  "attributes": {
                    "twx-widget": "",
                    "widget-id": "panel-1",
                    "widget-name": "Top Panel",
                    "is-widget-container": "true",
                    "position": "top"
                  },
                  "name": "twx-overlay-container",
                  "children": [
                    {
                      "name": "twx-container-content",
                      "children": [
                        {
                          "attributes": {
                            "twx-widget": "",
                            "widget-id": "button-1",
                            "widget-name": "button-1",
                            "text": "Take photo"
                          },
                          "name": "twx-button",
                          "children": [
                            {
                              "attributes": {
                                "eventbind-id": "eb-1668190952788",
                                "source-type": "widget",
                                "source-label": "Button",
                                "source-name": "button-1",
                                "source-event": "click",
                                "handler-type": "ui",
                                "handler-name": "camera-1",
                                "handler-service": "takePicture",
                                "handler-path": "app.view[\"Home\"].wdg[\"camera-1\"].svc.takePicture"
                              },
                              "name": "twx-eventbind"
                            },
                            {
                              "attributes": {
                                "eventbind-id": "eb-1674744981443",
                                "source-type": "widget",
                                "source-label": "Button",
                                "source-name": "button-1",
                                "source-event": "click",
                                "handler-type": "ui",
                                "handler-name": "popupStarted",
                                "handler-service": "hidepopup",
                                "handler-path": "app.view[\"Home\"].wdg[\"popupStarted\"].svc.hidepopup"
                              },
                              "name": "twx-eventbind"
                            },
                            {
                              "attributes": {
                                "eventbind-id": "eb-1674744986238",
                                "source-type": "widget",
                                "source-label": "Button",
                                "source-name": "button-1",
                                "source-event": "click",
                                "handler-type": "ui",
                                "handler-name": "popupCompleted",
                                "handler-service": "hidepopup",
                                "handler-path": "app.view[\"Home\"].wdg[\"popupCompleted\"].svc.hidepopup"
                              },
                              "name": "twx-eventbind"
                            },
                            {
                              "attributes": {
                                "eventbind-id": "eb-1674744992032",
                                "source-type": "widget",
                                "source-label": "Button",
                                "source-name": "button-1",
                                "source-event": "click",
                                "handler-type": "ui",
                                "handler-name": "popupStopped",
                                "handler-service": "hidepopup",
                                "handler-path": "app.view[\"Home\"].wdg[\"popupStopped\"].svc.hidepopup"
                              },
                              "name": "twx-eventbind"
                            }
                          ]
                        }
                      ]
                    }
                  ]
                },
                {
                  "attributes": {
                    "twx-widget": "",
                    "widget-id": "2DOverlayBody-1",
                    "widget-name": "2D Body",
                    "is-widget-container": "true"
                  },
                  "name": "twx-overlay-body",
                  "children": [
                    {
                      "name": "twx-container-content",
                      "children": [
                        {
                          "attributes": {
                            "twx-widget": "",
                            "widget-id": "panel-2",
                            "widget-name": "Left Panel",
                            "is-widget-container": "true",
                            "position": "left"
                          },
                          "name": "twx-overlay-container",
                          "children": [
                            {
                              "name": "twx-container-content",
                              "children": [
                                {
                                  "attributes": {
                                    "twx-widget": "",
                                    "widget-id": "image-1",
                                    "widget-name": "image-1",
                                    "width": "100px",
                                    "height": "auto"
                                  },
                                  "name": "twx-image2",
                                  "children": [
                                    {
                                      "attributes": {
                                        "databind-id": "db-1668191096816",
                                        "source-type": "ui",
                                        "source-label": "Markup COE",
                                        "source-name": "markupCoe-2",
                                        "source-item-type": "property",
                                        "source-item-name": "markedup",
                                        "binding-type": "widget_property",
                                        "from-expression": "app.view['Home'].wdg['markupCoe-2']['markedup']",
                                        "to-property": "imgsrc"
                                      },
                                      "name": "twx-databind"
                                    }
                                  ]
                                }
                              ]
                            }
                          ]
                        },
                        {
                          "attributes": {
                            "twx-widget": "",
                            "widget-id": "panel-3",
                            "widget-name": "Center Panel",
                            "is-widget-container": "true",
                            "position": "center"
                          },
                          "name": "twx-overlay-container",
                          "children": [
                            {
                              "name": "twx-container-content",
                              "children": [
                                {
                                  "attributes": {
                                    "twx-widget": "",
                                    "widget-id": "popupStarted",
                                    "widget-name": "popupStarted",
                                    "is-widget-container": "true",
                                    "width": "10%",
                                    "centered": "false",
                                    "top": "50px",
                                    "right": "2px"
                                  },
                                  "name": "twx-popup",
                                  "children": [
                                    {
                                      "name": "twx-container-content",
                                      "children": [
                                        {
                                          "attributes": {
                                            "twx-widget": "",
                                            "widget-id": "label-1",
                                            "state-format-value": "text",
                                            "widget-name": "label-1",
                                            "text": "Started"
                                          },
                                          "name": "twx-label"
                                        }
                                      ]
                                    }
                                  ]
                                },
                                {
                                  "attributes": {
                                    "twx-widget": "",
                                    "widget-id": "popupCompleted",
                                    "widget-name": "popupCompleted",
                                    "is-widget-container": "true",
                                    "width": "10%",
                                    "centered": "false",
                                    "top": "100px",
                                    "right": "2px"
                                  },
                                  "name": "twx-popup",
                                  "children": [
                                    {
                                      "name": "twx-container-content",
                                      "children": [
                                        {
                                          "attributes": {
                                            "twx-widget": "",
                                            "widget-id": "label-4",
                                            "state-format-value": "text",
                                            "widget-name": "label-4",
                                            "text": "Completed"
                                          },
                                          "name": "twx-label"
                                        }
                                      ]
                                    }
                                  ]
                                },
                                {
                                  "attributes": {
                                    "twx-widget": "",
                                    "widget-id": "popupStopped",
                                    "widget-name": "popupStopped",
                                    "is-widget-container": "true",
                                    "width": "10%",
                                    "centered": "false",
                                    "top": "150px",
                                    "right": "2px"
                                  },
                                  "name": "twx-popup",
                                  "children": [
                                    {
                                      "name": "twx-container-content",
                                      "children": [
                                        {
                                          "attributes": {
                                            "twx-widget": "",
                                            "widget-id": "label-5",
                                            "state-format-value": "text",
                                            "widget-name": "label-5",
                                            "text": "Cancelled"
                                          },
                                          "name": "twx-label"
                                        }
                                      ]
                                    }
                                  ]
                                }
                              ]
                            }
                          ]
                        },
                        {
                          "attributes": {
                            "twx-widget": "",
                            "widget-id": "panel-4",
                            "widget-name": "Right Panel",
                            "is-widget-container": "true",
                            "position": "right"
                          },
                          "name": "twx-overlay-container",
                          "children": [
                            {
                              "name": "twx-container-content"
                            }
                          ]
                        }
                      ]
                    }
                  ]
                },
                {
                  "attributes": {
                    "twx-widget": "",
                    "widget-id": "panel-5",
                    "widget-name": "Bottom Panel",
                    "is-widget-container": "true",
                    "position": "bottom"
                  },
                  "name": "twx-overlay-container",
                  "children": [
                    {
                      "name": "twx-container-content",
                      "children": [
                        {
                          "attributes": {
                            "twx-widget": "",
                            "widget-id": "textArea-1",
                            "widget-name": "textArea-1"
                          },
                          "name": "twx-textarea",
                          "children": [
                            {
                              "attributes": {
                                "databind-id": "db-1674743527690",
                                "source-type": "ui",
                                "source-label": "Markup COE",
                                "source-name": "markupCoe-2",
                                "source-item-type": "property",
                                "source-item-name": "markedupdata",
                                "binding-type": "widget_property",
                                "from-expression": "app.view['Home'].wdg['markupCoe-2']['markedupdata']",
                                "to-property": "text"
                              },
                              "name": "twx-databind"
                            }
                          ]
                        }
                      ]
                    }
                  ]
                }
              ]
            }
          ]
        }
      ]
    },
    {
      "name": "twx-fragment-parameters"
    },
    {
      "name": "twx-view-data"
    }
  ],
  "name": "twx-view"
}
