{
  "name": "COE_Photo_THX-rev5",
  "projectType": "AR",
  "viewType": "ar",
  "fileName": "COE_Photo_THX-rev5",
  "thingworxServer": "https://ad4oqqcz.studio-trial.thingworx.io",
  "viewTemplateFileName": "home-ar.json",
  "state": {
    "orientation": "landscape"
  },
  "targets": {
    "phone": {
      "components": [
        {
          "name": "Home",
          "fileName": "Home",
          "showInMainMenu": true,
          "viewType": "ar",
          "title": "Home"
        }
      ],
      "images": []
    },
    "shared": {
      "components": [
        {
          "name": "Data",
          "fileName": "Data"
        }
      ],
      "images": [],
      "fragments": [],
      "styles": [
        {
          "name": "App",
          "fileName": "App",
          "fileExt": "scss"
        }
      ]
    }
  },
  "device": {
    "name": "ipad",
    "width": "1024",
    "height": "768"
  },
  "mainNavigationMenuStyle": "leftSideMenu",
  "resourceDirectory": "src/phone/resources",
  "resourceRuntimeDir": "app/resources",
  "fontRuntimeDir": "../fonts",
  "fontDesigntimeDir": "../dist/fonts",
  "theme": "twx-light",
  "version": "1.80.2351",
  "initializingFrom": "save-as"
}
