{
  "name": "COEX25_Markup-autophoto",
  "projectType": "AR",
  "viewType": "ar",
  "fileName": "COEX25_Markup-autophoto",
  "thingworxServer": "http://pp-2309291349ae.portal.ptc.io",
  "viewTemplateFileName": "home-ar.json",
  "state": {
    "orientation": "landscape"
  },
  "targets": {
    "phone": {
      "components": [
        {
          "name": "Home",
          "fileName": "Home",
          "showInMainMenu": true,
          "viewType": "ar",
          "title": "Home"
        },
        {
          "name": "2DView",
          "fileName": "2DView",
          "showInMainMenu": true,
          "viewType": "mobile-2D",
          "title": "2DView"
        }
      ],
      "images": []
    },
    "shared": {
      "components": [
        {
          "name": "Data",
          "fileName": "Data"
        }
      ],
      "images": [],
      "fragments": [],
      "styles": [
        {
          "name": "App",
          "fileName": "App",
          "fileExt": "scss"
        }
      ]
    }
  },
  "device": {
    "name": "ipad",
    "width": "1024",
    "height": "768"
  },
  "mainNavigationMenuStyle": "noMenu",
  "resourceDirectory": "src/phone/resources",
  "resourceRuntimeDir": "app/resources",
  "fontRuntimeDir": "../fonts",
  "fontDesigntimeDir": "../dist/fonts",
  "theme": "twx-light",
  "version": "9.22.2.0",
  "thumbnail": "Uploaded/Screenshot 2024-10-18 161514.png"
}