{
  "name": "COEX25_Photo_THX_rev7",
  "version": "1.0.0",
  "requires": [
    "w320dp",
    "spatial-tracking"
  ],
  "experiences": [
    {
      "vumark": "",
      "experienceType": "none",
      "id": 1,
      "index-keys": [],
      "title": {
        "en": "COE_Photo_THX"
      },
      "description": {
        "en": "",
        "en-US": ""
      },
      "requires": [
        "AR-tracking"
      ],
      "tags": [],
      "icon": "",
      "viewName": "Home",
      "url-template": "index.html?expId=1",
      "entryPoint": "index.html?expId=1",
      "thumbnail": "public/Uploaded/Screenshot 2024-10-18 161514.png",
      "thingTemplateName": ""
    }
  ],
  "widgetsUsage": [
    {
      "timestamp": "2023-03-14T13:50:48.324Z",
      "action": "PUBLISH",
      "usage": {
        "twx-view": 1,
        "twx-dt-view": 1,
        "txw-markupcoe": 1,
        "twx-dt-picture": 1,
        "twx-dt-model": 1,
        "twx-dt-target-spatial": 1,
        "twx-overlay": 1,
        "twx-overlay-container": 5,
        "twx-gridlayout": 2,
        "twx-row": 2,
        "twx-col": 8,
        "twx-button": 1,
        "twx-overlay-body": 1,
        "twx-image2": 6,
        "twx-popup": 1,
        "twx-data-grid": 1,
        "twx-data-grid-col": 1,
        "twx-label": 1
      }
    },
    {
      "timestamp": "2023-03-15T23:50:10.550Z",
      "action": "PUBLISH",
      "usage": {
        "twx-view": 1,
        "twx-dt-view": 1,
        "txw-markupcoe": 1,
        "twx-dt-picture": 1,
        "twx-dt-model": 1,
        "twx-dt-target-spatial": 1,
        "twx-overlay": 1,
        "twx-overlay-container": 5,
        "twx-gridlayout": 5,
        "twx-row": 24,
        "twx-col": 29,
        "twx-button": 6,
        "twx-overlay-body": 1,
        "twx-label": 8,
        "twx-image2": 10,
        "twx-popup": 3,
        "twx-textarea": 2,
        "twx-data-grid": 3,
        "twx-data-grid-col": 4
      }
    },
    {
      "timestamp": "2023-03-16T00:03:58.834Z",
      "action": "PUBLISH",
      "usage": {
        "twx-view": 1,
        "twx-dt-view": 1,
        "txw-markupcoe": 1,
        "twx-dt-picture": 1,
        "twx-dt-model": 1,
        "twx-dt-target-spatial": 1,
        "twx-overlay": 1,
        "twx-overlay-container": 5,
        "twx-gridlayout": 5,
        "twx-row": 24,
        "twx-col": 29,
        "twx-button": 6,
        "twx-overlay-body": 1,
        "twx-label": 8,
        "twx-image2": 10,
        "twx-popup": 3,
        "twx-textarea": 2,
        "twx-data-grid": 3,
        "twx-data-grid-col": 4
      }
    },
    {
      "timestamp": "2023-03-16T00:12:51.115Z",
      "action": "PUBLISH",
      "usage": {
        "twx-view": 1,
        "twx-dt-view": 1,
        "txw-markupcoe": 1,
        "twx-dt-picture": 1,
        "twx-dt-model": 1,
        "twx-dt-target-spatial": 1,
        "twx-overlay": 1,
        "twx-overlay-container": 5,
        "twx-gridlayout": 5,
        "twx-row": 24,
        "twx-col": 30,
        "twx-button": 6,
        "twx-checkbox": 1,
        "twx-overlay-body": 1,
        "twx-label": 8,
        "twx-image2": 10,
        "twx-popup": 3,
        "twx-textarea": 2,
        "twx-data-grid": 3,
        "twx-data-grid-col": 4
      }
    },
    {
      "timestamp": "2023-03-16T00:14:25.026Z",
      "action": "PUBLISH",
      "usage": {
        "twx-view": 1,
        "twx-dt-view": 1,
        "txw-markupcoe": 1,
        "twx-dt-picture": 1,
        "twx-dt-model": 1,
        "twx-dt-target-spatial": 1,
        "twx-overlay": 1,
        "twx-overlay-container": 5,
        "twx-gridlayout": 5,
        "twx-row": 24,
        "twx-col": 29,
        "twx-button": 6,
        "twx-checkbox": 1,
        "twx-overlay-body": 1,
        "twx-label": 8,
        "twx-image2": 10,
        "twx-popup": 3,
        "twx-textarea": 2,
        "twx-data-grid": 3,
        "twx-data-grid-col": 4
      }
    },
    {
      "timestamp": "2023-03-16T00:20:48.311Z",
      "action": "PUBLISH",
      "usage": {
        "twx-view": 1,
        "twx-dt-view": 1,
        "txw-markupcoe": 1,
        "twx-dt-picture": 1,
        "twx-dt-model": 1,
        "twx-dt-target-spatial": 1,
        "twx-overlay": 1,
        "twx-overlay-container": 5,
        "twx-gridlayout": 5,
        "twx-row": 24,
        "twx-col": 28,
        "twx-button": 6,
        "twx-checkbox": 1,
        "twx-overlay-body": 1,
        "twx-label": 8,
        "twx-image2": 10,
        "twx-popup": 3,
        "twx-textarea": 2,
        "twx-data-grid": 3,
        "twx-data-grid-col": 4
      }
    },
    {
      "timestamp": "2024-04-18T23:15:43.088Z",
      "action": "PUBLISH",
      "usage": {
        "twx-view": 1,
        "twx-dt-view": 1,
        "txw-markupcoe": 1,
        "twx-dt-picture": 1,
        "twx-dt-model": 1,
        "twx-dt-target-spatial": 1,
        "twx-overlay": 1,
        "twx-overlay-container": 5,
        "twx-gridlayout": 5,
        "twx-row": 24,
        "twx-col": 28,
        "twx-button": 6,
        "twx-checkbox": 1,
        "twx-overlay-body": 1,
        "twx-label": 8,
        "twx-image2": 10,
        "twx-popup": 3,
        "twx-textarea": 2,
        "twx-data-grid": 3,
        "twx-data-grid-col": 4
      }
    },
    {
      "timestamp": "2024-10-01T21:06:11.993Z",
      "action": "PUBLISH",
      "usage": {
        "twx-view": 1,
        "twx-dt-view": 1,
        "twx-dt-picture": 1,
        "twx-dt-model": 1,
        "twx-dt-target-spatial": 1,
        "wdg-markupcoe": 1,
        "twx-overlay": 1,
        "twx-overlay-container": 5,
        "twx-overlay-body": 1,
        "twx-gridlayout": 5,
        "twx-row": 24,
        "twx-col": 28,
        "twx-label": 8,
        "twx-image2": 10,
        "twx-popup": 3,
        "twx-button": 6,
        "twx-textarea": 2,
        "twx-data-grid": 3,
        "twx-data-grid-col": 4,
        "twx-checkbox": 1
      }
    },
    {
      "timestamp": "2024-10-01T21:06:38.850Z",
      "action": "PUBLISH",
      "usage": {
        "twx-view": 1,
        "twx-dt-view": 1,
        "twx-dt-picture": 1,
        "twx-dt-model": 1,
        "twx-dt-target-spatial": 1,
        "wdg-markupcoe": 1,
        "twx-overlay": 1,
        "twx-overlay-container": 5,
        "twx-overlay-body": 1,
        "twx-gridlayout": 5,
        "twx-row": 24,
        "twx-col": 28,
        "twx-label": 8,
        "twx-image2": 10,
        "twx-popup": 3,
        "twx-button": 6,
        "twx-textarea": 2,
        "twx-data-grid": 3,
        "twx-data-grid-col": 4,
        "twx-checkbox": 1
      }
    },
    {
      "timestamp": "2024-10-25T17:45:13.348Z",
      "action": "PUBLISH",
      "usage": {
        "twx-view": 1,
        "twx-dt-view": 1,
        "twx-dt-picture": 1,
        "twx-dt-model": 1,
        "twx-dt-target-spatial": 1,
        "wdg-markupcoe": 1,
        "twx-tml-text": 1,
        "twx-overlay": 1,
        "twx-overlay-container": 5,
        "twx-overlay-body": 1,
        "twx-popup": 6,
        "twx-gridlayout": 6,
        "twx-row": 17,
        "twx-col": 15,
        "twx-label": 7,
        "twx-image2": 9,
        "twx-textarea": 2,
        "twx-button": 4,
        "twx-checkbox": 1,
        "twx-data-grid": 3,
        "twx-data-grid-col": 4
      }
    },
    {
      "timestamp": "2024-10-25T17:47:21.858Z",
      "action": "PUBLISH",
      "usage": {
        "twx-view": 1,
        "twx-dt-view": 1,
        "twx-dt-picture": 1,
        "twx-dt-model": 1,
        "twx-dt-target-spatial": 1,
        "wdg-markupcoe": 1,
        "twx-tml-text": 1,
        "twx-overlay": 1,
        "twx-overlay-container": 5,
        "twx-overlay-body": 1,
        "twx-popup": 6,
        "twx-gridlayout": 6,
        "twx-row": 17,
        "twx-col": 15,
        "twx-label": 7,
        "twx-image2": 9,
        "twx-textarea": 2,
        "twx-button": 4,
        "twx-checkbox": 1,
        "twx-data-grid": 3,
        "twx-data-grid-col": 4
      }
    },
    {
      "timestamp": "2024-10-25T18:02:50.865Z",
      "action": "PUBLISH",
      "usage": {
        "twx-view": 1,
        "twx-dt-view": 1,
        "twx-dt-picture": 1,
        "twx-dt-model": 1,
        "twx-dt-target-spatial": 1,
        "wdg-markupcoe": 1,
        "twx-tml-text": 1,
        "twx-overlay": 1,
        "twx-overlay-container": 5,
        "twx-overlay-body": 1,
        "twx-popup": 6,
        "twx-gridlayout": 6,
        "twx-row": 17,
        "twx-col": 15,
        "twx-label": 7,
        "twx-image2": 9,
        "twx-textarea": 2,
        "twx-button": 4,
        "twx-checkbox": 1,
        "twx-data-grid": 3,
        "twx-data-grid-col": 4
      }
    },
    {
      "timestamp": "2024-10-25T20:43:16.402Z",
      "action": "PUBLISH",
      "usage": {
        "twx-view": 1,
        "twx-dt-view": 1,
        "twx-dt-picture": 1,
        "twx-dt-model": 1,
        "twx-dt-target-spatial": 1,
        "wdg-markupcoe": 1,
        "twx-tml-text": 1,
        "twx-overlay": 1,
        "twx-overlay-container": 5,
        "twx-overlay-body": 1,
        "twx-popup": 6,
        "twx-gridlayout": 6,
        "twx-row": 17,
        "twx-col": 15,
        "twx-label": 7,
        "twx-image2": 9,
        "twx-textarea": 2,
        "twx-button": 4,
        "twx-checkbox": 1,
        "twx-data-grid": 3,
        "twx-data-grid-col": 4
      }
    },
    {
      "timestamp": "2024-10-25T20:45:23.572Z",
      "action": "PUBLISH",
      "usage": {
        "twx-view": 1,
        "twx-dt-view": 1,
        "twx-dt-picture": 1,
        "twx-dt-model": 1,
        "twx-dt-target-spatial": 1,
        "wdg-markupcoe": 1,
        "twx-tml-text": 1,
        "twx-overlay": 1,
        "twx-overlay-container": 5,
        "twx-overlay-body": 1,
        "twx-popup": 6,
        "twx-gridlayout": 6,
        "twx-row": 17,
        "twx-col": 15,
        "twx-label": 7,
        "twx-image2": 9,
        "twx-textarea": 2,
        "twx-button": 4,
        "twx-checkbox": 1,
        "twx-data-grid": 3,
        "twx-data-grid-col": 4
      }
    },
    {
      "timestamp": "2024-10-25T20:47:51.628Z",
      "action": "LATEST_SAVE",
      "usage": {
        "twx-view": 1,
        "twx-dt-view": 1,
        "twx-dt-picture": 1,
        "twx-dt-model": 1,
        "twx-dt-target-spatial": 1,
        "wdg-markupcoe": 1,
        "twx-tml-text": 1,
        "twx-overlay": 1,
        "twx-overlay-container": 5,
        "twx-overlay-body": 1,
        "twx-popup": 6,
        "twx-gridlayout": 6,
        "twx-row": 17,
        "twx-col": 15,
        "twx-label": 7,
        "twx-image2": 9,
        "twx-textarea": 2,
        "twx-button": 4,
        "twx-checkbox": 1,
        "twx-data-grid": 3,
        "twx-data-grid-col": 4
      }
    }
  ],
  "accessType": "private",
  "designedfor": []
}
