{
  "attributes": {
    "namespace": "app.mdl"
  },
  "children": [
    {
      "attributes": {
        "name": "FE_RWTakePhoto_Repo",
        "twx-entity-type": "Things",
        "twx-entity-name": "FE_RWTakePhoto_Repo"
      },
      "name": "twx-model",
      "children": [
        {
          "attributes": {
            "name": "UploadPhoto",
            "id": "UploadPhoto"
          },
          "name": "twx-model-service",
          "children": [
            {
              "attributes": {
                "databind-id": "db-1678831440811",
                "source-type": "ui",
                "source-label": "Markup COE",
                "source-name": "markupCoe",
                "source-item-type": "property",
                "source-item-name": "markedupdata",
                "binding-type": "widget_property",
                "from-expression": "app.view['Home'].wdg['markupCoe']['markedupdata']",
                "to-property": "imageContent"
              },
              "name": "twx-databind"
            },
            {
              "attributes": {
                "databind-id": "db-1678838518039",
                "source-type": "ui",
                "source-label": "Text Area",
                "source-name": "textArea-1",
                "source-item-type": "property",
                "source-item-name": "text",
                "binding-type": "widget_property",
                "from-expression": "app.view['Home'].wdg['textArea-1']['text']",
                "to-property": "details"
              },
              "name": "twx-databind"
            }
          ]
        },
        {
          "attributes": {
            "name": "GetPhotoList",
            "id": "GetPhotoList",
            "twx-no-auto-select": "",
            "on-app-load": ""
          },
          "name": "twx-model-service"
        },
        {
          "attributes": {
            "name": "GetPhotoStream",
            "id": "GetPhotoStream"
          },
          "name": "twx-model-service"
        },
        {
          "attributes": {
            "eventbind-id": "eb-1678834356884",
            "source-type": "service",
            "source-label": "ServiceFailure",
            "source-name": "FE_RWTakePhoto_Repo",
            "source-event": "GetPhotoList.serviceFailure",
            "handler-type": "ui",
            "handler-name": "popupError",
            "handler-service": "showpopup",
            "handler-path": "app.view[\"Home\"].wdg[\"popupError\"].svc.showpopup"
          },
          "name": "twx-eventbind"
        },
        {
          "attributes": {
            "eventbind-id": "eb-1678834419350",
            "source-type": "service",
            "source-label": "ServiceFailure",
            "source-name": "FE_RWTakePhoto_Repo",
            "source-event": "UploadPhoto.serviceFailure",
            "handler-type": "ui",
            "handler-name": "popupError",
            "handler-service": "showpopup",
            "handler-path": "app.view[\"Home\"].wdg[\"popupError\"].svc.showpopup"
          },
          "name": "twx-eventbind"
        },
        {
          "attributes": {
            "eventbind-id": "eb-1678839609652",
            "source-type": "service",
            "source-label": "ServiceInvokeComplete",
            "source-name": "FE_RWTakePhoto_Repo",
            "source-event": "GetPhotoList.serviceInvokeComplete",
            "handler-type": "ui",
            "handler-name": "popupUpload",
            "handler-service": "hidepopup",
            "handler-path": "app.view[\"Home\"].wdg[\"popupUpload\"].svc.hidepopup"
          },
          "name": "twx-eventbind"
        },
        {
          "attributes": {
            "eventbind-id": "eb-1678923107256",
            "source-type": "service",
            "source-label": "ServiceInvokeComplete",
            "source-name": "FE_RWTakePhoto_Repo",
            "source-event": "UploadPhoto.serviceInvokeComplete",
            "handler-type": "ui",
            "handler-name": "popupUpload",
            "handler-service": "hidepopup",
            "handler-path": "app.view[\"Home\"].wdg[\"popupUpload\"].svc.hidepopup"
          },
          "name": "twx-eventbind"
        }
      ]
    },
    {
      "attributes": {
        "id": "vumark",
        "isbound": "false",
        "isdeletable": "false",
        "name": "ThingMark",
        "value": ""
      },
      "name": "twx-app-param"
    },
    {
      "attributes": {
        "id": "template",
        "isbound": "false",
        "isdeletable": "false",
        "name": "Thing Template",
        "value": ""
      },
      "name": "twx-app-param"
    },
    {
      "attributes": {
        "id": "thing",
        "isbound": "false",
        "isdeletable": "false",
        "name": "Thing",
        "value": ""
      },
      "name": "twx-app-param"
    }
  ],
  "name": "twx-app-mdl"
}
