{
  "attributes": {
    "namespace": "app.mdl"
  },
  "children": [
    {
      "attributes": {
        "name": "FE_RWTakePhoto_Repo",
        "twx-entity-type": "Things",
        "twx-entity-name": "FE_RWTakePhoto_Repo"
      },
      "name": "twx-model",
      "children": [
        {
          "attributes": {
            "name": "UploadPhoto",
            "id": "UploadPhoto"
          },
          "name": "twx-model-service",
          "children": [
            {
              "attributes": {
                "databind-id": "db-1674936696534",
                "source-type": "ui",
                "source-label": "Markup COE",
                "source-name": "markupCoeMain",
                "source-item-type": "property",
                "source-item-name": "markedupdata",
                "binding-type": "widget_property",
                "from-expression": "app.view['Home'].wdg['markupCoeMain']['markedupdata']",
                "to-property": "imageContent"
              },
              "name": "twx-databind"
            },
            {
              "attributes": {
                "databind-id": "db-1675017592578",
                "source-type": "ui",
                "source-label": "Text Area",
                "source-name": "textArea-2",
                "source-item-type": "property",
                "source-item-name": "text",
                "binding-type": "widget_property",
                "from-expression": "app.view['Home'].wdg['textArea-2']['text']",
                "to-property": "details"
              },
              "name": "twx-databind"
            }
          ]
        },
        {
          "attributes": {
            "name": "GetPhotoStream",
            "id": "GetPhotoStream",
            "twx-no-auto-select": ""
          },
          "name": "twx-model-service"
        },
        {
          "attributes": {
            "eventbind-id": "eb-1675018133514",
            "source-type": "service",
            "source-label": "ServiceInvokeComplete",
            "source-name": "FE_RWTakePhoto_Repo",
            "source-event": "UploadPhoto.serviceInvokeComplete",
            "handler-type": "ui",
            "handler-name": "popupUploadCapture",
            "handler-service": "hidepopup",
            "handler-path": "app.view[\"Home\"].wdg[\"popupUploadCapture\"].svc.hidepopup"
          },
          "name": "twx-eventbind"
        },
        {
          "attributes": {
            "eventbind-id": "eb-1675018291283",
            "source-type": "service",
            "source-label": "ServiceFailure",
            "source-name": "FE_RWTakePhoto_Repo",
            "source-event": "UploadPhoto.serviceFailure",
            "handler-type": "ui",
            "handler-name": "popup-2",
            "handler-service": "showpopup",
            "handler-path": "app.view[\"Home\"].wdg[\"popup-2\"].svc.showpopup"
          },
          "name": "twx-eventbind"
        }
      ]
    },
    {
      "attributes": {
        "id": "vumark",
        "isbound": "false",
        "isdeletable": "false",
        "name": "ThingMark",
        "value": ""
      },
      "name": "twx-app-param"
    },
    {
      "attributes": {
        "id": "template",
        "isbound": "false",
        "isdeletable": "false",
        "name": "Thing Template",
        "value": ""
      },
      "name": "twx-app-param"
    },
    {
      "attributes": {
        "id": "thing",
        "isbound": "false",
        "isdeletable": "false",
        "name": "Thing",
        "value": ""
      },
      "name": "twx-app-param"
    }
  ],
  "name": "twx-app-mdl"
}
